case,record,seed,beta_err_pct,R_err_pct,dlnbeta,dlnR,q,bins_used,bins_rejected
D1_ns2,1,710001,0.0199027,0.0261099,0.000199007,0.000261064,4.73133,84,0
D1_ns2,2,710002,0.0665094,0.0135551,0.000664873,0.000135542,1.21332,84,0
D1_ns2,3,710003,-0.0129763,-0.00556661,-0.000129771,-5.56676e-05,0.152498,84,0
D1_ns2,4,710004,0.0411654,-0.00106272,0.000411569,-1.06272e-05,0.923681,84,0
D1_ns2,5,710005,-0.159013,-0.0224046,-0.0015914,-0.000224072,6.504,84,0
D1_ns2,6,710006,0.0640876,-0.000709568,0.000640671,-7.09571e-06,2.05295,84,0
D1_ns2,7,710007,-0.0205471,-0.00626551,-0.000205492,-6.2657e-05,0.18917,84,0
D1_ns2,8,710008,0.00137133,0.0131982,1.37132e-05,0.000131973,1.47653,84,0
D1_ns2,9,710009,-0.0465473,0.00814967,-0.000465581,8.14934e-05,2.63661,84,0
D1_ns2,10,710010,0.0391531,0.00363612,0.000391454,3.63605e-05,0.444335,84,0
D1_ns2,11,710011,0.0562785,-0.00180513,0.000562627,-1.80515e-05,1.79049,84,0
D1_ns2,12,710012,0.034651,0.00398076,0.00034645,3.98068e-05,0.323767,84,0
D1_ns2,13,710013,-0.0156464,0.00404245,-0.000156476,4.04237e-05,0.431073,84,0
D1_ns2,14,710014,0.10734,0.0145577,0.00107283,0.000145567,2.97452,84,0
D1_ns2,15,710015,0.166966,0.0246626,0.00166827,0.000246595,7.10636,84,0
D1_ns2,16,710016,-0.031755,-0.00291058,-0.000317601,-2.91063e-05,0.293897,84,0
D1_ns2,17,710017,0.0599775,0.0176563,0.000599595,0.000176548,1.5161,84,0
D1_ns2,18,710018,0.12204,0.0189604,0.00121965,0.000189586,3.78893,84,0
D1_ns2,19,710019,-0.0714302,-0.0122321,-0.000714557,-0.000122329,1.31034,84,0
D1_ns2,20,710020,0.129604,0.0182595,0.0012952,0.000182578,4.30746,84,0
D1_ns2,21,710021,0.153923,0.0215165,0.00153804,0.000215142,6.08133,84,0
D1_ns2,22,710022,-0.0655552,-0.00629603,-0.000655767,-6.29623e-05,1.23237,84,0
D1_ns2,23,710023,-0.000494223,0.0079795,-4.94225e-06,7.97918e-05,0.568447,84,0
D1_ns2,24,710024,-0.0364348,-0.00713455,-0.000364414,-7.13481e-05,0.356329,84,0
D1_ns2,25,710025,-0.0575571,-0.0136461,-0.000575737,-0.000136471,1.03326,84,0
D1_ns2,26,710026,0.0968484,0.0191277,0.000968015,0.000191259,2.5262,84,0
D1_ns2,27,710027,0.0670099,0.0134462,0.000669875,0.000134453,1.22028,84,0
D1_ns2,28,710028,-0.0449729,-0.0209681,-0.00044983,-0.000209703,2.21643,84,0
D1_ns2,29,710029,0.0227195,0.0271173,0.00022717,0.000271136,4.99302,84,0
D1_ns2,30,710030,0.0547289,-0.00747855,0.000547139,-7.47883e-05,3.01356,84,0
D1_ns2,31,710031,0.0901005,0.0268296,0.000900599,0.00026826,3.48838,84,0
D1_ns2,32,710032,0.0746244,0.0265711,0.000745966,0.000265675,3.36268,84,0
D1_ns2,33,710033,0.0585424,0.0276246,0.000585252,0.000276208,3.85998,84,0
D1_ns2,34,710034,0.0147653,0.0096951,0.000147643,9.69463e-05,0.533279,84,0
D1_ns2,35,710035,-0.0694838,-0.0245393,-0.000695079,-0.000245424,2.86818,84,0
D1_ns2,36,710036,0.0274699,0.00784512,0.000274661,7.84482e-05,0.302541,84,0
D1_ns2,37,710037,0.0416749,0.0095881,0.000416662,9.58764e-05,0.524891,84,0
D1_ns2,38,710038,0.0366422,0.000906247,0.000366355,9.06243e-06,0.545428,84,0
D1_ns2,39,710039,0.0546188,0.0124338,0.000546039,0.00012433,0.892328,84,0
D1_ns2,40,710040,-0.0395334,0.00938711,-0.000395412,9.38667e-05,2.52081,84,0
D1_ns2,41,710041,-0.0450833,-0.00885646,-0.000450935,-8.85685e-05,0.546499,84,0
D1_ns2,42,710042,-0.0112952,0.00663729,-0.000112958,6.63707e-05,0.650851,84,0
D1_ns2,43,710043,0.050879,0.0069931,0.000508661,6.99285e-05,0.667072,84,0
D1_ns2,44,710044,0.135361,0.0268373,0.0013527,0.000268337,4.9435,84,0
D1_ns2,45,710045,-0.0171731,0.00819903,-0.000171746,8.1987e-05,1.11247,84,0
D1_ns2,46,710046,0.0869666,0.00222596,0.000869288,2.22594e-05,3.05577,84,0
D1_ns2,47,710047,-0.053258,0.0145353,-0.000532722,0.000145342,5.3003,84,0
D1_ns2,48,710048,-0.0674328,-0.0290078,-0.000674555,-0.000290121,4.14491,84,0
D1_ns2,49,710049,0.117183,0.0317915,0.00117114,0.000317864,5.08373,84,0
D1_ns2,50,710050,0.104339,0.0182552,0.00104285,0.000182535,2.80324,84,0
D1_ns2,51,710051,0.0218619,0.0217626,0.000218595,0.000217602,3.06799,84,0
D1_ns2,52,710052,-0.00771885,-0.000811504,-7.71915e-05,-8.11508e-06,0.0165452,84,0
D1_ns2,53,710053,0.106404,0.0354392,0.00106348,0.000354329,5.97763,84,0
D1_ns2,54,710054,0.0980715,0.0352071,0.000980235,0.000352009,5.90659,84,0
D1_ns2,55,710055,0.0604984,0.00224468,0.000604801,2.24466e-05,1.38703,84,0
D1_ns2,56,710056,-0.0335938,0.000864259,-0.000335994,8.64256e-06,0.615246,84,0
D1_ns2,57,710057,0.0524604,0.0175545,0.000524467,0.00017553,1.46667,84,0
D1_ns2,58,710058,0.0248719,0.0134389,0.000248688,0.00013438,0.956152,84,0
D1_ns2,59,710059,0.111822,0.0246711,0.0011176,0.00024668,3.6346,84,0
D1_ns2,60,710060,-0.0198655,-0.00881821,-0.000198675,-8.8186e-05,0.386289,84,0
D1_ns2,61,710061,-0.00743831,0.00302014,-7.43859e-05,3.02009e-05,0.167325,84,0
D1_ns2,62,710062,-0.0630764,-0.0011182,-0.000630963,-1.11821e-05,1.68394,84,0
D1_ns2,63,710063,0.0771734,0.0128068,0.000771436,0.00012806,1.52062,84,0
D1_ns2,64,710064,-0.0555236,0.000109194,-0.00055539,1.09194e-06,1.46263,84,0
D1_ns2,65,710065,0.060798,-0.00386641,0.000607796,-3.86648e-05,2.50607,84,0
D1_ns2,66,710066,0.0527256,0.000649688,0.000527117,6.49686e-06,1.21238,84,0
D1_ns2,67,710067,0.0520247,0.0309462,0.000520112,0.000309414,5.2451,84,0
D1_ns2,68,710068,0.105379,0.0191105,0.00105324,0.000191086,2.88655,84,0
D1_ns2,69,710069,0.0114565,0.00467117,0.000114558,4.67106e-05,0.106059,84,0
D1_ns2,70,710070,0.0533355,0.035639,0.000533213,0.000356327,7.24879,84,0
D1_ns2,71,710071,-0.0193576,-0.0122093,-0.000193595,-0.0001221,0.833956,84,0
D1_ns2,72,710072,-0.0788261,-0.0116917,-0.000788571,-0.000116923,1.5874,84,0
D1_ns2,73,710073,0.0545909,0.015446,0.00054576,0.000154448,1.17702,84,0
D1_ns2,74,710074,0.0217913,-0.00100242,0.000217889,-1.00242e-05,0.291153,84,0
D1_ns2,75,710075,-0.0473411,0.00550154,-0.000473523,5.50139e-05,2.02942,84,0
D1_ns2,76,710076,0.0211325,-4.85667e-05,0.000211303,-4.85667e-07,0.212126,84,0
D1_ns2,77,710077,0.0541083,0.0147856,0.000540937,0.000147845,1.09586,84,0
D1_ns2,78,710078,-0.0575002,-0.0126374,-0.000575167,-0.000126382,0.958983,84,0
D1_ns2,79,710079,-0.00316139,0.00890895,-3.16144e-05,8.90855e-05,0.776779,84,0
D1_ns2,80,710080,-0.0332871,0.00360158,-0.000332927,3.60152e-05,0.961486,84,0
D1_ns2,81,710081,0.0817842,0.004823,0.000817508,4.82289e-05,2.25687,84,0
D1_ns2,82,710082,-0.000863133,0.00995758,-8.63136e-06,9.95708e-05,0.892081,84,0
D1_ns2,83,710083,0.032783,0.00852839,0.000327776,8.52802e-05,0.375076,84,0
D1_ns2,84,710084,0.0894146,0.022374,0.000893746,0.000223715,2.65213,84,0
D1_ns2,85,710085,-0.0767762,-0.000921957,-0.000768057,-9.21961e-06,2.5788,84,0
D1_ns2,86,710086,0.0139015,0.0171086,0.000139005,0.000171072,2.0022,84,0
D1_ns2,87,710087,-0.0472596,-0.00446876,-0.000472708,-4.46886e-05,0.643891,84,0
D1_ns2,88,710088,0.13856,0.0363485,0.00138464,0.000363419,6.77384,84,0
D1_ns2,89,710089,0.00831469,0.0302971,8.31434e-05,0.000302925,7.37849,84,0
D1_ns2,90,710090,0.0212749,-0.00124064,0.000212727,-1.24065e-05,0.297871,84,0
D1_ns2,91,710091,0.057477,0.0264622,0.000574605,0.000264587,3.5151,84,0
D1_ns2,92,710092,0.0202594,-0.00260859,0.000202573,-2.60863e-05,0.396649,84,0
D1_ns2,93,710093,0.146964,0.0229093,0.00146856,0.000229067,5.49307,84,0
D1_ns2,94,710094,0.0315556,0.0131757,0.000315506,0.000131748,0.848406,84,0
D1_ns2,95,710095,0.00938776,0.00937766,9.38732e-05,9.37722e-05,0.57029,84,0
D1_ns2,96,710096,0.110316,0.0163257,0.00110256,0.000163244,3.10354,84,0
D1_ns2,97,710097,-0.0693053,-0.0139025,-0.000693293,-0.000139035,1.30645,84,0
D1_ns2,98,710098,-0.02014,-0.00314646,-0.00020142,-3.14651e-05,0.103332,84,0
D1_ns2,99,710099,0.0656254,0.0139485,0.000656039,0.000139475,1.21547,84,0
D1_ns2,100,710100,0.0711001,-0.000109453,0.000710748,-1.09453e-06,2.3894,84,0
A1_ring_beta_x2,1,720001,0.0348767,0.00275267,0.000348707,2.75263e-05,0.586469,84,0
A1_ring_beta_x2,2,720002,0.0108303,0.00424763,0.000108297,4.24754e-05,0.332305,84,0
A1_ring_beta_x2,3,720003,0.0307238,-0.00278422,0.000307191,-2.78426e-05,2.21481,84,0
A1_ring_beta_x2,4,720004,0.0760848,0.012289,0.000760558,0.000122882,2.15288,84,0
A1_ring_beta_x2,5,720005,0.110568,0.0290135,0.00110507,0.000290093,11.5729,84,0
A1_ring_beta_x2,6,720006,-0.0419821,-0.0137783,-0.000419909,-0.000137793,3.06953,84,0
A1_ring_beta_x2,7,720007,0.0834036,0.0116364,0.000833689,0.000116358,2.43536,84,0
A1_ring_beta_x2,8,720008,0.0344087,0.000792964,0.000344028,7.92961e-06,1.01008,84,0
A1_ring_beta_x2,9,720009,-0.142399,-0.0221786,-0.00142501,-0.000221811,7.36477,84,0
A1_ring_beta_x2,10,720010,-0.00780527,0.000902472,-7.80558e-05,9.02468e-06,0.171083,84,0
A1_ring_beta_x2,11,720011,-0.031796,-0.000787096,-0.000318011,-7.87099e-06,0.848087,84,0
A1_ring_beta_x2,12,720012,0.0226541,-0.000471898,0.000226516,-4.71899e-06,0.673482,84,0
A1_ring_beta_x2,13,720013,0.0728528,0.0101826,0.000728263,0.000101821,1.85857,84,0
A1_ring_beta_x2,14,720014,0.0914554,0.016448,0.000914136,0.000164466,3.49897,84,0
A1_ring_beta_x2,15,720015,-0.0263305,-4.70091e-05,-0.00026334,-4.70091e-07,0.733356,84,0
A1_ring_beta_x2,16,720016,0.0189251,0.000634767,0.000189233,6.34764e-06,0.274117,84,0
A1_ring_beta_x2,17,720017,-0.0328281,-0.00269766,-0.000328335,-2.6977e-05,0.504738,84,0
A1_ring_beta_x2,18,720018,0.108885,0.0110394,0.00108826,0.000110388,4.74305,84,0
A1_ring_beta_x2,19,720019,-0.0924062,-0.0160375,-0.000924489,-0.000160387,3.41426,84,0
A1_ring_beta_x2,20,720020,-0.0108604,-0.000613208,-0.00010861,-6.1321e-06,0.0711064,84,0
A1_ring_beta_x2,21,720021,-0.00968426,0.00851141,-9.68473e-05,8.51104e-05,3.74602,84,0
A1_ring_beta_x2,22,720022,-0.00917586,0.00173918,-9.17628e-05,1.73917e-05,0.37486,84,0
A1_ring_beta_x2,23,720023,0.0863897,0.017678,0.000863524,0.000176764,3.89648,84,0
A1_ring_beta_x2,24,720024,0.111933,0.0045179,0.00111871,4.5178e-05,8.91968,84,0
A1_ring_beta_x2,25,720025,0.0823073,0.0139383,0.000822734,0.000139373,2.63241,84,0
A1_ring_beta_x2,26,720026,0.0240597,0.0044558,0.000240568,4.4557e-05,0.252884,84,0
A1_ring_beta_x2,27,720027,0.137122,0.0150183,0.00137028,0.000150172,7.14273,84,0
A1_ring_beta_x2,28,720028,0.026393,0.00425821,0.000263895,4.25811e-05,0.25892,84,0
A1_ring_beta_x2,29,720029,0.0918311,0.0209231,0.00091789,0.000209209,5.58211,84,0
A1_ring_beta_x2,30,720030,-0.0411708,-0.00717633,-0.000411792,-7.17658e-05,0.681124,84,0
A1_ring_beta_x2,31,720031,0.0226208,0.0047134,0.000226182,4.71329e-05,0.277277,84,0
A1_ring_beta_x2,32,720032,0.0943486,0.0053225,0.000943041,5.32236e-05,5.36204,84,0
A1_ring_beta_x2,33,720033,0.0488128,0.00078706,0.000488009,7.87057e-06,2.18161,84,0
A1_ring_beta_x2,34,720034,0.102801,0.0279446,0.00102748,0.000279407,10.9926,84,0
A1_ring_beta_x2,35,720035,0.0502322,0.01149,0.000502196,0.000114894,1.68601,84,0
A1_ring_beta_x2,36,720036,0.101037,0.0146085,0.00100986,0.000146074,3.59106,84,0
A1_ring_beta_x2,37,720037,0.0093115,0.00780162,9.31107e-05,7.80131e-05,1.65909,84,0
A1_ring_beta_x2,38,720038,-0.123101,-0.0128889,-0.00123176,-0.000128898,5.94727,84,0
A1_ring_beta_x2,39,720039,-0.0979462,-0.0117736,-0.000979942,-0.000117743,3.47599,84,0
A1_ring_beta_x2,40,720040,0.0342775,0.00771837,0.000342717,7.71807e-05,0.756417,84,0
A1_ring_beta_x2,41,720041,-0.037896,-0.0121109,-0.000379031,-0.000121117,2.32456,84,0
A1_ring_beta_x2,42,720042,-0.0889992,-0.0131298,-0.000890388,-0.000131307,2.80609,84,0
A1_ring_beta_x2,43,720043,-0.00129713,-0.00020837,-1.29714e-05,-2.0837e-06,0.000623409,84,0
A1_ring_beta_x2,44,720044,0.000371762,-0.000377919,3.71762e-06,-3.7792e-06,0.00710332,84,0
A1_ring_beta_x2,45,720045,-0.113592,-0.014223,-0.00113656,-0.00014224,4.60175,84,0
A1_ring_beta_x2,46,720046,0.0423704,0.00436772,0.000423614,4.36762e-05,0.710558,84,0
A1_ring_beta_x2,47,720047,0.0310294,-0.004483,0.000310245,-4.4831e-05,3.2731,84,0
A1_ring_beta_x2,48,720048,0.0951287,0.0183545,0.000950835,0.000183529,4.22879,84,0
A1_ring_beta_x2,49,720049,0.0121101,0.00707095,0.000121093,7.0707e-05,1.17031,84,0
A1_ring_beta_x2,50,720050,-0.0169857,0.000899848,-0.000169871,8.99844e-06,0.502819,84,0
A1_ring_beta_x2,51,720051,-0.00518199,-0.00520235,-5.18213e-05,-5.20248e-05,0.781605,84,0
A1_ring_beta_x2,52,720052,0.0367428,0.0117535,0.00036736,0.000117528,2.19082,84,0
A1_ring_beta_x2,53,720053,0.0771553,0.0158659,0.000771256,0.000158646,3.13902,84,0
A1_ring_beta_x2,54,720054,-0.00536422,0.000899471,-5.36436e-05,8.99467e-06,0.112866,84,0
A1_ring_beta_x2,55,720055,0.0489489,0.010753,0.000489369,0.000107524,1.45693,84,0
A1_ring_beta_x2,56,720056,0.0935892,0.0122918,0.000935454,0.000122911,3.07807,84,0
A1_ring_beta_x2,57,720057,0.136328,0.0115271,0.00136235,0.000115265,8.50121,84,0
A1_ring_beta_x2,58,720058,-0.039368,-0.00706714,-0.000393758,-7.06739e-05,0.647054,84,0
A1_ring_beta_x2,59,720059,-0.0466898,-0.00842597,-0.000467007,-8.42633e-05,0.916881,84,0
A1_ring_beta_x2,60,720060,-0.0492183,-0.012099,-0.000492304,-0.000120998,1.93476,84,0
A1_ring_beta_x2,61,720061,0.044974,0.0125643,0.000449639,0.000125635,2.26509,84,0
A1_ring_beta_x2,62,720062,0.0486311,0.0132107,0.000486193,0.000132098,2.45564,84,0
A1_ring_beta_x2,63,720063,0.116966,0.0259566,0.00116898,0.000259532,8.51354,84,0
A1_ring_beta_x2,64,720064,0.0311111,0.00222941,0.000311063,2.22938e-05,0.500283,84,0
A1_ring_beta_x2,65,720065,0.0348606,0.00226773,0.000348545,2.26771e-05,0.670731,84,0
A1_ring_beta_x2,66,720066,-0.00700251,-0.00910232,-7.00275e-05,-9.10273e-05,2.55533,84,0
A1_ring_beta_x2,67,720067,-0.106628,-0.00892656,-0.00106685,-8.92696e-05,5.25665,84,0
A1_ring_beta_x2,68,720068,0.105375,0.0143872,0.00105319,0.000143862,3.8855,84,0
A1_ring_beta_x2,69,720069,-0.0632511,-0.00401509,-0.000632711,-4.01517e-05,2.24632,84,0
A1_ring_beta_x2,70,720070,-0.0171681,-0.0014076,-0.000171696,-1.40761e-05,0.138248,84,0
A1_ring_beta_x2,71,720071,0.042776,0.00749819,0.000427669,7.49791e-05,0.740092,84,0
A1_ring_beta_x2,72,720072,-0.0375948,-0.003545,-0.000376018,-3.54506e-05,0.597103,84,0
A1_ring_beta_x2,73,720073,-0.00882276,0.00306082,-8.82315e-05,3.06077e-05,0.727612,84,0
A1_ring_beta_x2,74,720074,-0.0852691,-0.0108954,-0.000853054,-0.00010896,2.5762,84,0
A1_ring_beta_x2,75,720075,0.0601774,0.00723371,0.000601593,7.23344e-05,1.30963,84,0
A1_ring_beta_x2,76,720076,0.025403,0.012209,0.000253997,0.000122082,3.13425,84,0
A1_ring_beta_x2,77,720077,0.0223923,0.00708696,0.000223898,7.08671e-05,0.790152,84,0
A1_ring_beta_x2,78,720078,0.0652238,0.0124409,0.000652026,0.000124402,1.9492,84,0
A1_ring_beta_x2,79,720079,-0.00713264,0.00598701,-7.13289e-05,5.98683e-05,1.87857,84,0
A1_ring_beta_x2,80,720080,0.0266403,-0.00163514,0.000266367,-1.63515e-05,1.32547,84,0
A1_ring_beta_x2,81,720081,0.0526975,0.00765513,0.000526836,7.65484e-05,0.978376,84,0
A1_ring_beta_x2,82,720082,0.0255622,0.00187148,0.000255589,1.87146e-05,0.332691,84,0
A1_ring_beta_x2,83,720083,0.0579569,0.0077595,0.000579401,7.7592e-05,1.1776,84,0
A1_ring_beta_x2,84,720084,0.0481973,0.00591972,0.000481856,5.91955e-05,0.83271,84,0
A1_ring_beta_x2,85,720085,0.00477054,0.00401263,4.77043e-05,4.01255e-05,0.439507,84,0
A1_ring_beta_x2,86,720086,0.0198925,0.00437782,0.000198905,4.37773e-05,0.241617,84,0
A1_ring_beta_x2,87,720087,0.0881055,0.0200733,0.000880667,0.000200712,5.1378,84,0
A1_ring_beta_x2,88,720088,0.089956,0.00978189,0.000899156,9.78141e-05,3.08974,84,0
A1_ring_beta_x2,89,720089,0.0617361,0.0127097,0.00061717,0.000127089,2.0145,84,0
A1_ring_beta_x2,90,720090,0.0653085,0.00530204,0.000652871,5.3019e-05,2.0131,84,0
A1_ring_beta_x2,91,720091,0.0410484,0.00301605,0.0004104,3.016e-05,0.855548,84,0
A1_ring_beta_x2,92,720092,0.0932575,0.0228833,0.000932141,0.000228807,6.91361,84,0
A1_ring_beta_x2,93,720093,0.0355958,0.015366,0.000355895,0.000153649,4.64091,84,0
A1_ring_beta_x2,94,720094,-0.0310034,-0.00476041,-0.000310082,-4.76052e-05,0.34606,84,0
A1_ring_beta_x2,95,720095,0.0311191,0.00743107,0.000311142,7.43079e-05,0.718817,84,0
A1_ring_beta_x2,96,720096,0.0642853,0.0115624,0.000642647,0.000115618,1.72919,84,0
A1_ring_beta_x2,97,720097,-0.0522443,-0.00546017,-0.000522579,-5.46032e-05,1.07154,84,0
A1_ring_beta_x2,98,720098,-0.135205,-0.0196569,-0.00135297,-0.000196588,6.45256,84,0
A1_ring_beta_x2,99,720099,0.0521717,0.0116829,0.000521581,0.000116822,1.72978,84,0
A1_ring_beta_x2,100,720100,0.0930189,0.0204172,0.000929756,0.000204151,5.25115,84,0
A1_ring_beta_x2,101,720101,0.0754211,0.00633986,0.000753927,6.33966e-05,2.61554,84,0
A1_ring_beta_x2,102,720102,0.0466685,0.00369702,0.000466576,3.69695e-05,1.04705,84,0
A1_ring_beta_x2,103,720103,0.0339971,-0.00100558,0.000339913,-1.00559e-05,1.64277,84,0
A1_ring_beta_x2,104,720104,0.0215217,0.00826717,0.000215194,8.26683e-05,1.24048,84,0
A1_ring_beta_x2,105,720105,-0.0700667,-0.00799238,-0.000700912,-7.9927e-05,1.82566,84,0
A1_ring_beta_x2,106,720106,0.0882185,0.0158851,0.000881796,0.000158839,3.26124,84,0
A1_ring_beta_x2,107,720107,-0.0405464,-0.00367271,-0.000405546,-3.67278e-05,0.715739,84,0
A1_ring_beta_x2,108,720108,0.112839,0.0226337,0.00112776,0.000226312,6.39066,84,0
A1_ring_beta_x2,109,720109,-0.0206054,-0.00511457,-0.000206075,-5.1147e-05,0.347613,84,0
A1_ring_beta_x2,110,720110,-0.00867815,-0.0078014,-8.67853e-05,-7.80171e-05,1.6991,84,0
A1_ring_beta_x2,111,720111,-0.0238795,-0.0041326,-0.000238824,-4.13269e-05,0.227158,84,0
A1_ring_beta_x2,112,720112,0.0496173,0.00196326,0.00049605,1.96324e-05,1.76861,84,0
A1_ring_beta_x2,113,720113,0.0317452,0.00613308,0.000317401,6.1329e-05,0.472093,84,0
A1_ring_beta_x2,114,720114,0.0136234,0.00106913,0.000136224,1.06912e-05,0.0898847,84,0
A1_ring_beta_x2,115,720115,0.0657593,0.0085868,0.000657377,8.58644e-05,1.52177,84,0
A1_ring_beta_x2,116,720116,-0.000513133,-0.00110983,-5.13134e-06,-1.10983e-05,0.0414725,84,0
A1_ring_beta_x2,117,720117,0.0248337,0.00589837,0.000248307,5.8982e-05,0.451692,84,0
A1_ring_beta_x2,118,720118,-0.0218886,-0.00827232,-0.00021891,-8.27266e-05,1.22778,84,0
A1_ring_beta_x2,119,720119,-0.0445173,-0.00449821,-0.000445272,-4.49832e-05,0.796317,84,0
A1_ring_beta_x2,120,720120,0.0186439,-0.00358932,0.000186422,-3.58939e-05,1.57351,84,0
A1_ring_beta_x2,121,720121,0.0203139,0.000640537,0.000203118,6.40535e-06,0.322494,84,0
A1_ring_beta_x2,122,720122,-0.0542688,-0.00493275,-0.000542836,-4.93287e-05,1.27909,84,0
A1_ring_beta_x2,123,720123,0.100616,0.0141116,0.00100565,0.000141106,3.545,84,0
A1_ring_beta_x2,124,720124,0.0709908,0.00466358,0.000709656,4.66347e-05,2.76232,84,0
A1_ring_beta_x2,125,720125,0.0313651,0.0147385,0.000313602,0.000147374,4.5055,84,0
A1_ring_beta_x2,126,720126,0.0241726,-0.00118295,0.000241697,-1.18296e-05,0.983911,84,0
A1_ring_beta_x2,127,720127,-0.0730887,-0.0161988,-0.000731154,-0.000162002,3.31516,84,0
A1_ring_beta_x2,128,720128,0.0599811,0.0111354,0.000599632,0.000111347,1.57742,84,0
A1_ring_beta_x2,129,720129,-0.0326181,-0.00858686,-0.000326234,-8.58723e-05,1.01587,84,0
A1_ring_beta_x2,130,720130,0.0230058,-0.00189551,0.000230031,-1.89553e-05,1.16708,84,0
A1_ring_beta_x2,131,720131,0.0138082,-0.00583961,0.000138072,-5.83978e-05,2.36242,84,0
A1_ring_beta_x2,132,720132,0.0251842,0.00887677,0.000251811,8.87638e-05,1.3437,84,0
A1_ring_beta_x2,133,720133,0.0760017,0.00244849,0.000759728,2.44846e-05,4.47929,84,0
A1_ring_beta_x2,134,720134,0.0588455,0.00553004,0.000588282,5.52989e-05,1.46472,84,0
A1_ring_beta_x2,135,720135,0.0648665,0.0180498,0.000648454,0.000180482,4.66157,84,0
A1_ring_beta_x2,136,720136,0.102403,0.0102886,0.0010235,0.00010288,4.22239,84,0
A1_ring_beta_x2,137,720137,0.0239857,0.00183988,0.000239828,1.83986e-05,0.283271,84,0
A1_ring_beta_x2,138,720138,0.0792435,0.0209808,0.000792121,0.000209786,6.08747,84,0
A1_ring_beta_x2,139,720139,0.0838792,0.0211791,0.00083844,0.000211769,6.0202,84,0
A1_ring_beta_x2,140,720140,0.108699,0.00679189,0.0010864,6.79166e-05,6.68654,84,0
A1_ring_beta_x2,141,720141,0.0308304,0.00513233,0.000308256,5.1322e-05,0.363114,84,0
A1_ring_beta_x2,142,720142,0.0650786,0.011794,0.000650575,0.000117933,1.79115,84,0
A1_ring_beta_x2,143,720143,0.0612949,0.00344636,0.000612761,3.44631e-05,2.26845,84,0
A1_ring_beta_x2,144,720144,0.00634486,0.0098908,6.34466e-05,9.89032e-05,3.12953,84,0
A1_ring_beta_x2,145,720145,-0.0241284,-0.00985774,-0.000241313,-9.85823e-05,1.84118,84,0
A1_ring_beta_x2,146,720146,0.0609585,0.0106438,0.000609399,0.000106432,1.49559,84,0
A1_ring_beta_x2,147,720147,0.0556629,0.0172275,0.000556474,0.00017226,4.59127,84,0
A1_ring_beta_x2,148,720148,0.0252484,0.00837831,0.000252452,8.37796e-05,1.14438,84,0
A1_ring_beta_x2,149,720149,0.0165145,0.00362616,0.000165131,3.62609e-05,0.165667,84,0
A1_ring_beta_x2,150,720150,0.0834703,0.0183397,0.000834355,0.00018338,4.23809,84,0
A1_ring_beta_x2,151,720151,-0.102835,-0.0191031,-0.00102888,-0.00019105,4.64396,84,0
A1_ring_beta_x2,152,720152,0.107187,0.0080064,0.0010713,8.00608e-05,5.76033,84,0
A1_ring_beta_x2,153,720153,0.027881,0.00425298,0.000278771,4.25289e-05,0.278815,84,0
A1_ring_beta_x2,154,720154,0.0981841,0.0195168,0.000981359,0.000195149,4.75582,84,0
A1_ring_beta_x2,155,720155,0.00871398,0.00554803,8.7136e-05,5.54788e-05,0.75115,84,0
A1_ring_beta_x2,156,720156,0.0647806,0.00967736,0.000647596,9.67689e-05,1.4912,84,0
A1_ring_beta_x2,157,720157,-0.0571042,-0.00490126,-0.000571205,-4.90138e-05,1.47871,84,0
A1_ring_beta_x2,158,720158,0.0959763,0.0172732,0.000959303,0.000172717,3.85716,84,0
A1_ring_beta_x2,159,720159,0.0970493,0.0165842,0.000970023,0.000165828,3.69567,84,0
A1_ring_beta_x2,160,720160,0.0822102,0.0212982,0.000821765,0.000212959,6.18528,84,0
A1_ring_beta_x2,161,720161,-0.0118767,0.00357507,-0.000118774,3.57501e-05,1.08944,84,0
A1_ring_beta_x2,162,720162,-0.0112956,-0.00346741,-0.000112963,-3.46747e-05,0.184859,84,0
A1_ring_beta_x2,163,720163,0.0518826,0.00704861,0.000518692,7.04836e-05,0.942639,84,0
A1_ring_beta_x2,164,720164,-0.0395698,-0.00603819,-0.000395776,-6.03837e-05,0.562001,84,0
A1_ring_beta_x2,165,720165,-0.0463066,-0.00405536,-0.000463173,-4.05544e-05,0.95761,84,0
A1_ring_beta_x2,166,720166,0.0625002,0.0104043,0.000624807,0.000104037,1.49197,84,0
A1_ring_beta_x2,167,720167,0.0110924,0.00109201,0.000110918,1.09201e-05,0.0503322,84,0
A1_ring_beta_x2,168,720168,-0.0691004,-0.0143057,-0.000691243,-0.000143067,2.55348,84,0
A1_ring_beta_x2,169,720169,0.0240186,0.0102566,0.000240157,0.000102561,2.05307,84,0
A1_ring_beta_x2,170,720170,0.0288103,-0.00615242,0.000288061,-6.15261e-05,4.21302,84,0
A1_ring_beta_x2,171,720171,0.0295968,0.0104988,0.000295924,0.000104983,1.88849,84,0
A1_ring_beta_x2,172,720172,0.0559434,0.00904284,0.000559277,9.04243e-05,1.1648,84,0
A1_ring_beta_x2,173,720173,-0.0195915,-0.00530373,-0.000195934,-5.30387e-05,0.394871,84,0
A1_ring_beta_x2,174,720174,0.000520606,0.00174729,5.20604e-06,1.74727e-05,0.107677,84,0
A1_ring_beta_x2,175,720175,0.103366,0.0104312,0.00103312,0.000104306,4.28871,84,0
A1_ring_beta_x2,176,720176,-0.027221,0.00137408,-0.000272247,1.37407e-05,1.26461,84,0
A1_ring_beta_x2,177,720177,0.057577,0.0100697,0.000575604,0.000100692,1.33696,84,0
A1_ring_beta_x2,178,720178,0.0810936,0.0168051,0.000810607,0.000168037,3.52294,84,0
A1_ring_beta_x2,179,720179,0.0810876,0.0158933,0.000810547,0.00015892,3.16029,84,0
A1_ring_beta_x2,180,720180,0.0503709,0.00254281,0.000503582,2.54278e-05,1.62625,84,0
A1_ring_beta_x2,181,720181,0.0125823,-0.00599552,0.000125815,-5.9957e-05,2.34351,84,0
A1_ring_beta_x2,182,720182,0.0817909,0.0136723,0.000817575,0.000136713,2.56519,84,0
A1_ring_beta_x2,183,720183,-0.0163589,-0.0120628,-0.000163602,-0.000120636,3.78248,84,0
A1_ring_beta_x2,184,720184,-0.00226527,0.00295095,-2.2653e-05,2.9509e-05,0.409694,84,0
A1_ring_beta_x2,185,720185,-0.0348412,-0.00321623,-0.000348473,-3.21628e-05,0.521008,84,0
A1_ring_beta_x2,186,720186,-0.0393927,-0.00385978,-0.000394005,-3.85986e-05,0.637386,84,0
A1_ring_beta_x2,187,720187,0.0522785,0.0108243,0.000522648,0.000108238,1.46159,84,0
A1_ring_beta_x2,188,720188,0.0015506,0.00574318,1.55059e-05,5.74301e-05,1.17244,84,0
A1_ring_beta_x2,189,720189,0.0263968,0.0120713,0.000263933,0.000120706,2.97197,84,0
A1_ring_beta_x2,190,720190,0.0110098,0.0143293,0.000110092,0.000143283,6.333,84,0
A1_ring_beta_x2,191,720191,0.0130455,0.00130656,0.000130446,1.30656e-05,0.0687604,84,0
A1_ring_beta_x2,192,720192,-0.0452487,-0.00564531,-0.000452589,-5.64547e-05,0.730521,84,0
A1_ring_beta_x2,193,720193,-0.0246563,-0.00994882,-0.000246593,-9.94932e-05,1.85944,84,0
A1_ring_beta_x2,194,720194,-0.0267077,0.0023664,-0.000267113,2.36637e-05,1.64918,84,0
A1_ring_beta_x2,195,720195,0.110435,0.0220491,0.00110374,0.000220466,6.06707,84,0
A1_ring_beta_x2,196,720196,-0.0392286,-0.017419,-0.000392363,-0.000174206,6.0752,84,0
A1_ring_beta_x2,197,720197,0.0019448,0.00254479,1.94478e-05,2.54476e-05,0.200001,84,0
A1_ring_beta_x2,198,720198,-0.0175863,-0.000417723,-0.000175879,-4.17724e-06,0.262097,84,0
A1_ring_beta_x2,199,720199,0.111415,0.012002,0.00111353,0.000120013,4.76683,84,0
A1_ring_beta_x2,200,720200,0.0967121,0.018809,0.000966653,0.000188072,4.43265,84,0
R2_wp6_gJ7,1,730001,-0.00841743,-0.000360088,-8.41778e-05,-3.60089e-06,0.0552437,82,0
R2_wp6_gJ7,2,730002,0.00465364,0.010141,4.65353e-05,0.000101405,4.75556,82,0
R2_wp6_gJ7,3,730003,0.0571615,0.00757766,0.000571452,7.57737e-05,1.67011,82,0
R2_wp6_gJ7,4,730004,0.0464851,0.00366571,0.000464743,3.66565e-05,1.23533,82,0
R2_wp6_gJ7,5,730005,-0.0660248,-0.00606244,-0.000660467,-6.06263e-05,2.31302,82,0
R2_wp6_gJ7,6,730006,0.00198507,0.00749127,1.98505e-05,7.49098e-05,2.71647,82,0
R2_wp6_gJ7,7,730007,-0.00920702,0.00429547,-9.20744e-05,4.29537e-05,1.52743,82,0
R2_wp6_gJ7,8,730008,0.00470388,0.00109133,4.70377e-05,1.09133e-05,0.0261878,81,1
R2_wp6_gJ7,9,730009,0.0461578,-0.00405907,0.000461472,-4.05916e-05,5.65466,82,0
R2_wp6_gJ7,10,730010,0.0455537,0.000150247,0.000455434,1.50246e-06,2.40698,82,0
R2_wp6_gJ7,11,730011,0.0487591,0.00751027,0.000487472,7.50999e-05,1.35536,81,1
R2_wp6_gJ7,12,730012,0.0641844,0.00452193,0.000641639,4.52183e-05,2.50438,81,1
R2_wp6_gJ7,13,730013,0.0895263,0.014534,0.000894863,0.00014533,4.8535,82,0
R2_wp6_gJ7,14,730014,0.0102121,-0.000327781,0.000102116,-3.27781e-06,0.170849,82,0
R2_wp6_gJ7,15,730015,0.0087851,0.00833716,8.78471e-05,8.33682e-05,2.79237,81,1
R2_wp6_gJ7,16,730016,0.0605318,0.0160732,0.000605135,0.000160719,6.00811,82,0
R2_wp6_gJ7,17,730017,0.0538877,0.00538527,0.000538732,5.38512e-05,1.48817,82,0
R2_wp6_gJ7,18,730018,-0.0383169,-0.00656251,-0.000383242,-6.56273e-05,0.957267,82,0
R2_wp6_gJ7,19,730019,-0.0238069,-0.00253596,-0.000238098,-2.53599e-05,0.28554,82,0
R2_wp6_gJ7,20,730020,0.0977776,0.016552,0.000977298,0.000165507,6.12524,82,0
R2_wp6_gJ7,21,730021,-0.0559826,-0.0129328,-0.000559983,-0.000129337,3.6728,82,0
R2_wp6_gJ7,22,730022,0.0824574,0.0130185,0.000824234,0.000130177,3.98158,82,0
R2_wp6_gJ7,23,730023,0.103493,0.00867582,0.00103439,8.67544e-05,5.92531,82,0
R2_wp6_gJ7,24,730024,-0.0222608,-0.00116847,-0.000222633,-1.16848e-05,0.352203,82,0
R2_wp6_gJ7,25,730025,0.0652934,0.0180823,0.000652721,0.000180807,7.76474,82,0
R2_wp6_gJ7,26,730026,-0.00625759,-0.00199684,-6.25778e-05,-1.99686e-05,0.102172,82,0
R2_wp6_gJ7,27,730027,-0.0105102,0.00126936,-0.000105108,1.26936e-05,0.375878,82,0
R2_wp6_gJ7,28,730028,-0.0599785,-0.00407931,-0.000599964,-4.07939e-05,2.23324,82,0
R2_wp6_gJ7,29,730029,-0.00708919,0.00494141,-7.08944e-05,4.94128e-05,1.73902,82,0
R2_wp6_gJ7,30,730030,0.0896309,0.0108285,0.000895907,0.000108279,4.00737,82,0
R2_wp6_gJ7,31,730031,0.118556,0.0186538,0.00118486,0.00018652,8.1972,82,0
R2_wp6_gJ7,32,730032,0.0294578,0.003936,0.000294534,3.93592e-05,0.445187,82,0
R2_wp6_gJ7,33,730033,0.046176,0.00726223,0.000461653,7.26196e-05,1.24337,82,0
R2_wp6_gJ7,34,730034,-0.0731784,-0.00105248,-0.000732052,-1.05248e-05,5.55928,81,1
R2_wp6_gJ7,35,730035,0.036773,0.0113728,0.000367662,0.000113721,3.25755,82,0
R2_wp6_gJ7,36,730036,0.0337572,0.0082538,0.000337515,8.25346e-05,1.52707,82,0
R2_wp6_gJ7,37,730037,0.0355112,0.0112902,0.000355049,0.000112896,3.25945,82,0
R2_wp6_gJ7,38,730038,0.000729935,-0.00119033,7.29932e-06,-1.19034e-05,0.0840671,82,0
R2_wp6_gJ7,39,730039,-0.0468768,-0.00416271,-0.000468878,-4.16279e-05,1.18372,82,0
R2_wp6_gJ7,40,730040,0.0544047,0.00962989,0.000543899,9.62943e-05,2.0297,82,0
R2_wp6_gJ7,41,730041,-0.00726048,-0.00247681,-7.26075e-05,-2.47684e-05,0.163082,82,0
R2_wp6_gJ7,42,730042,0.0428194,0.0112313,0.000428102,0.000112307,2.91642,81,1
R2_wp6_gJ7,43,730043,0.0563553,0.0102513,0.000563394,0.000102508,2.27852,82,0
R2_wp6_gJ7,44,730044,0.0471393,0.00899965,0.000471282,8.99924e-05,1.73816,82,0
R2_wp6_gJ7,45,730045,0.0051218,-0.00192012,5.12167e-05,-1.92014e-05,0.339583,82,0
R2_wp6_gJ7,46,730046,-0.0380533,0.00382473,-0.000380605,3.82466e-05,4.24079,82,0
R2_wp6_gJ7,47,730047,0.0266226,0.0130055,0.000266191,0.000130046,5.40053,82,0
R2_wp6_gJ7,48,730048,0.000258296,0.00544626,2.58295e-06,5.44611e-05,1.51096,82,0
R2_wp6_gJ7,49,730049,0.0370303,0.00575458,0.000370235,5.75441e-05,0.789171,82,0
R2_wp6_gJ7,50,730050,0.000152485,-0.00126958,1.52485e-06,-1.26959e-05,0.0853817,82,0
R2_wp6_gJ7,51,730051,0.0252243,0.00805067,0.000252211,8.05034e-05,1.66086,82,0
R2_wp6_gJ7,52,730052,0.0198748,-0.00230113,0.000198728,-2.30116e-05,1.29615,82,0
R2_wp6_gJ7,53,730053,0.0598384,0.0116973,0.000598205,0.000116966,2.92961,82,0
R2_wp6_gJ7,54,730054,-0.0131754,-0.000758658,-0.000131762,-7.58661e-06,0.117751,81,1
R2_wp6_gJ7,55,730055,0.0354492,0.00346736,0.000354429,3.4673e-05,0.64902,82,0
R2_wp6_gJ7,56,730056,0.0652885,0.00534747,0.000652672,5.34732e-05,2.38778,82,0
R2_wp6_gJ7,57,730057,0.00850514,-0.00099606,8.50478e-05,-9.96065e-06,0.23969,82,0
R2_wp6_gJ7,58,730058,0.0079335,0.00130411,7.93318e-05,1.3041e-05,0.0387452,82,0
R2_wp6_gJ7,59,730059,0.0330968,0.00754055,0.000330913,7.54027e-05,1.24309,81,1
R2_wp6_gJ7,60,730060,0.024075,0.0087788,0.000240721,8.77841e-05,2.12457,82,0
R2_wp6_gJ7,61,730061,0.044955,0.00430466,0.000449449,4.30457e-05,1.05216,82,0
R2_wp6_gJ7,62,730062,0.0464344,-0.00114194,0.000464236,-1.14194e-05,3.28953,81,1
R2_wp6_gJ7,63,730063,0.025377,-0.00325671,0.000253737,-3.25677e-05,2.31188,81,1
R2_wp6_gJ7,64,730064,0.0522006,0.0119682,0.00052187,0.000119675,3.13747,82,0
R2_wp6_gJ7,65,730065,-0.00516855,-0.00581446,-5.16869e-05,-5.81463e-05,1.41236,81,1
R2_wp6_gJ7,66,730066,0.00683491,0.0071178,6.83468e-05,7.11755e-05,2.0808,81,1
R2_wp6_gJ7,67,730067,0.0112007,0.00957309,0.000112001,9.57263e-05,3.58194,82,0
R2_wp6_gJ7,68,730068,-0.0137846,-0.0078849,-0.000137855,-7.88521e-05,2.12413,82,0
R2_wp6_gJ7,69,730069,0.0263418,-0.000152144,0.000263383,-1.52145e-06,0.881478,82,0
R2_wp6_gJ7,70,730070,-0.010318,0.000172183,-0.000103185,1.72182e-06,0.150598,81,1
R2_wp6_gJ7,71,730071,0.0325251,0.00876229,0.000325198,8.76191e-05,1.79824,82,0
R2_wp6_gJ7,72,730072,0.0337283,0.0097204,0.000337226,9.71992e-05,2.29086,82,0
R2_wp6_gJ7,73,730073,0.0885973,0.00709225,0.000885581,7.092e-05,4.44924,81,1
R2_wp6_gJ7,74,730074,-0.0275092,0.00383226,-0.00027513,3.83218e-05,2.93173,81,1
R2_wp6_gJ7,75,730075,0.0122277,0.00663405,0.000122269,6.63383e-05,1.47125,82,0
R2_wp6_gJ7,76,730076,0.0726908,0.0141894,0.000726644,0.000141884,4.31118,82,0
R2_wp6_gJ7,77,730077,-0.00625987,0.00456969,-6.26007e-05,4.56959e-05,1.46642,82,0
R2_wp6_gJ7,78,730078,0.0453613,0.00975415,0.00045351,9.75367e-05,2.05075,81,1
R2_wp6_gJ7,79,730079,0.000491355,0.00175574,4.91353e-06,1.75572e-05,0.148703,82,0
R2_wp6_gJ7,80,730080,0.0769041,0.00663797,0.000768745,6.63775e-05,3.22514,82,0
R2_wp6_gJ7,81,730081,-0.0158833,0.00117367,-0.000158845,1.17366e-05,0.597698,82,0
R2_wp6_gJ7,82,730082,-0.00432109,0.00127687,-4.32119e-05,1.27687e-05,0.172698,82,0
R2_wp6_gJ7,83,730083,0.00686439,-0.00334876,6.86415e-05,-3.34882e-05,0.91047,82,0
R2_wp6_gJ7,84,730084,0.0214195,0.00267765,0.000214172,2.67761e-05,0.230245,82,0
R2_wp6_gJ7,85,730085,0.0175465,0.00149551,0.000175449,1.4955e-05,0.169075,82,0
R2_wp6_gJ7,86,730086,0.0559271,0.00582057,0.000559115,5.8204e-05,1.58338,81,1
R2_wp6_gJ7,87,730087,0.0147686,0.00226836,0.000147675,2.26834e-05,0.124004,82,0
R2_wp6_gJ7,88,730088,0.0422084,0.0103,0.000421995,0.000102995,2.37618,82,0
R2_wp6_gJ7,89,730089,0.015761,-0.00172436,0.000157597,-1.72437e-05,0.777726,82,0
R2_wp6_gJ7,90,730090,-0.0327334,-0.00790495,-0.000327387,-7.90526e-05,1.39396,82,0
R2_wp6_gJ7,91,730091,0.0325247,0.00625075,0.000325194,6.25056e-05,0.837848,82,0
R2_wp6_gJ7,92,730092,-0.0624074,-0.00324233,-0.000624269,-3.24238e-05,2.78335,82,0
R2_wp6_gJ7,93,730093,0.05197,0.00437053,0.000519565,4.37043e-05,1.49269,82,0
R2_wp6_gJ7,94,730094,0.0436234,0.00466657,0.000436139,4.66646e-05,0.957151,82,0
R2_wp6_gJ7,95,730095,0.0521648,0.00491624,0.000521512,4.91612e-05,1.42575,82,0
R2_wp6_gJ7,96,730096,0.0740807,0.00891961,0.000740533,8.91921e-05,2.73699,82,0
R2_wp6_gJ7,97,730097,-0.0386181,-0.000655815,-0.000386256,-6.55817e-06,1.50731,82,0
R2_wp6_gJ7,98,730098,0.0618879,0.00681871,0.000618688,6.81847e-05,1.91585,81,1
R2_wp6_gJ7,99,730099,0.0263867,0.00881857,0.000263833,8.81818e-05,2.04403,82,0
R2_wp6_gJ7,100,730100,0.0419079,0.00442297,0.000418991,4.42287e-05,0.886059,82,0
R2_wp6_gJ7,101,730101,-0.0815373,-0.0153325,-0.000815705,-0.000153337,5.05878,82,0
R2_wp6_gJ7,102,730102,5.9089e-05,2.40611e-05,5.9089e-07,2.40611e-07,1.69204e-05,82,0
R2_wp6_gJ7,103,730103,-0.0115794,-0.0033908,-0.0001158,-3.39086e-05,0.281151,82,0
R2_wp6_gJ7,104,730104,0.0260534,0.00526034,0.0002605,5.2602e-05,0.59226,81,1
R2_wp6_gJ7,105,730105,-0.0211432,-0.00190534,-0.000211454,-1.90536e-05,0.239085,82,0
R2_wp6_gJ7,106,730106,-0.0134889,-0.000671145,-0.000134898,-6.71147e-06,0.132665,81,1
R2_wp6_gJ7,107,730107,0.0386954,0.00596224,0.000386879,5.96206e-05,0.853971,82,0
R2_wp6_gJ7,108,730108,-0.00531885,0.00274304,-5.31899e-05,2.743e-05,0.596865,81,1
R2_wp6_gJ7,109,730109,0.107646,0.0141573,0.00107589,0.000141563,5.90121,82,0
R2_wp6_gJ7,110,730110,0.0102283,0.000197978,0.000102278,1.97978e-06,0.103161,82,0
R2_wp6_gJ7,111,730111,0.00400433,-0.00208769,4.00425e-05,-2.08771e-05,0.344222,82,0
R2_wp6_gJ7,112,730112,-0.022008,0.00280255,-0.000220104,2.80251e-05,1.7271,82,0
R2_wp6_gJ7,113,730113,0.0936509,0.0158768,0.000936071,0.000158755,5.63108,82,0
R2_wp6_gJ7,114,730114,0.0130898,0.00196196,0.00013089,1.96195e-05,0.0951199,82,0
R2_wp6_gJ7,115,730115,0.0603012,0.0102981,0.00060283,0.000102976,2.35994,82,0
R2_wp6_gJ7,116,730116,-0.0343937,-0.000732606,-0.000343996,-7.32609e-06,1.14418,82,0
R2_wp6_gJ7,117,730117,-0.00154095,0.00263447,-1.54096e-05,2.63444e-05,0.409134,82,0
R2_wp6_gJ7,118,730118,0.000913596,0.0029471,9.13592e-06,2.94706e-05,0.416012,82,0
R2_wp6_gJ7,119,730119,0.0399851,-0.00407478,0.000399771,-4.07486e-05,4.73034,82,0
R2_wp6_gJ7,120,730120,-0.0433621,-0.00767291,-0.000433715,-7.67321e-05,1.28916,82,0
R2_wp6_gJ7,121,730121,0.0210194,0.000940129,0.000210172,9.40125e-06,0.337895,82,0
R2_wp6_gJ7,122,730122,0.0657198,0.00804297,0.000656982,8.04265e-05,2.15841,82,0
R2_wp6_gJ7,123,730123,0.0871694,0.0178951,0.000871314,0.000178935,6.85957,82,0
R2_wp6_gJ7,124,730124,0.0114256,0.00738774,0.000114249,7.38747e-05,1.95325,82,0
R2_wp6_gJ7,125,730125,0.0177654,0.00504094,0.000177638,5.04082e-05,0.611098,82,0
R2_wp6_gJ7,126,730126,-0.0499797,-0.00382078,-0.000499922,-3.82085e-05,1.454,82,0
R2_wp6_gJ7,127,730127,0.0110055,0.0054785,0.000110049,5.47835e-05,0.966563,82,0
R2_wp6_gJ7,128,730128,0.101957,0.00720254,0.00101905,7.20228e-05,6.307,82,0
R2_wp6_gJ7,129,730129,0.020602,0.003265,0.000205998,3.26495e-05,0.249715,82,0
R2_wp6_gJ7,130,730130,0.0455015,0.00715274,0.000454912,7.15248e-05,1.20667,82,0
R2_wp6_gJ7,131,730131,0.0270522,0.00756555,0.000270486,7.56526e-05,1.36614,81,1
R2_wp6_gJ7,132,730132,0.0214692,0.00502001,0.000214669,5.01989e-05,0.555552,82,0
R2_wp6_gJ7,133,730133,0.0327725,0.005388,0.000327671,5.38785e-05,0.661222,82,0
R2_wp6_gJ7,134,730134,0.0231831,0.00764692,0.000231804,7.64663e-05,1.5259,82,0
R2_wp6_gJ7,135,730135,0.0215537,-0.00332882,0.000215514,-3.32888e-05,1.99024,82,0
R2_wp6_gJ7,136,730136,-0.0328199,-0.00561196,-0.000328253,-5.61212e-05,0.70062,82,0
R2_wp6_gJ7,137,730137,0.0309865,0.00983752,0.000309817,9.83703e-05,2.47271,82,0
R2_wp6_gJ7,138,730138,0.131699,0.0112644,0.00131613,0.000112638,9.49498,82,0
R2_wp6_gJ7,139,730139,0.0444297,0.0101731,0.000444198,0.000101726,2.26598,82,0
R2_wp6_gJ7,140,730140,0.0151431,0.00282254,0.000151419,2.8225e-05,0.17169,82,0
R2_wp6_gJ7,141,730141,0.0192067,0.00555538,0.000192049,5.55523e-05,0.749715,82,0
R2_wp6_gJ7,142,730142,0.0269772,0.00358454,0.000269735,3.58448e-05,0.372451,82,0
R2_wp6_gJ7,143,730143,-0.0284716,-0.00604912,-0.000284756,-6.0493e-05,0.78716,82,0
R2_wp6_gJ7,144,730144,0.00958795,0.00357625,9.58749e-05,3.57619e-05,0.35692,82,0
R2_wp6_gJ7,145,730145,0.0354484,0.00385939,0.000354422,3.85931e-05,0.629936,82,0
R2_wp6_gJ7,146,730146,-0.0205627,0.00208743,-0.000205649,2.0874e-05,1.2477,82,0
R2_wp6_gJ7,147,730147,-0.00958618,-0.00214355,-9.58664e-05,-2.14358e-05,0.0999283,82,0
R2_wp6_gJ7,148,730148,-0.000992784,0.00695415,-9.92789e-06,6.95391e-05,2.57502,82,0
R2_wp6_gJ7,149,730149,0.0775933,0.00747998,0.000775632,7.4797e-05,3.1251,82,0
R2_wp6_gJ7,150,730150,0.0500063,0.0080509,0.000499938,8.05058e-05,1.49894,82,0
R2_wp6_gJ7,151,730151,0.022485,0.000779558,0.000224825,7.79554e-06,0.426964,82,0
R2_wp6_gJ7,152,730152,0.0239163,0.00875329,0.000239134,8.75291e-05,2.11648,82,0
R2_wp6_gJ7,153,730153,-0.000531686,0.00377426,-5.31687e-06,3.77419e-05,0.758191,81,1
R2_wp6_gJ7,154,730154,0.0411018,0.0138552,0.000410934,0.000138542,5.06948,82,0
R2_wp6_gJ7,155,730155,-0.0018142,0.00344607,-1.81422e-05,3.44601e-05,0.690772,82,0
R2_wp6_gJ7,156,730156,0.00348994,0.000308921,3.48988e-05,3.08921e-06,0.00656694,81,1
R2_wp6_gJ7,157,730157,-0.00493826,0.000352426,-4.93838e-05,3.52425e-06,0.0565702,82,0
R2_wp6_gJ7,158,730158,-0.0152858,-0.00519101,-0.00015287,-5.19115e-05,0.71458,82,0
R2_wp6_gJ7,159,730159,0.0459061,0.0100656,0.000458956,0.000100651,2.19265,82,0
R2_wp6_gJ7,160,730160,0.0949172,0.0134457,0.000948722,0.000134448,4.77642,82,0
R2_wp6_gJ7,161,730161,0.0282494,-0.00204858,0.000282454,-2.0486e-05,1.86865,82,0
R2_wp6_gJ7,162,730162,0.066181,0.00774483,0.000661591,7.74453e-05,2.18139,82,0
R2_wp6_gJ7,163,730163,0.026055,0.00461252,0.000260516,4.61241e-05,0.465674,82,0
R2_wp6_gJ7,164,730164,0.0281104,0.00941522,0.000281065,9.41478e-05,2.33278,82,0
R2_wp6_gJ7,165,730165,0.0361817,0.00905004,0.000361751,9.04963e-05,1.85336,82,0
R2_wp6_gJ7,166,730166,-0.00200404,-0.0054668,-2.00406e-05,-5.46695e-05,1.41263,82,0
R2_wp6_gJ7,167,730167,-0.00715446,-0.00473068,-7.15471e-05,-4.73079e-05,0.807388,82,0
R2_wp6_gJ7,168,730168,-0.0187027,-0.00297755,-0.000187045,-2.9776e-05,0.206938,82,0
R2_wp6_gJ7,169,730169,-0.0590106,-0.00131999,-0.00059028,-1.32e-05,3.33276,82,0
R2_wp6_gJ7,170,730170,0.0774585,0.00927623,0.000774285,9.2758e-05,2.9908,82,0
R2_wp6_gJ7,171,730171,0.0245092,0.00775338,0.000245062,7.75308e-05,1.53297,81,1
R2_wp6_gJ7,172,730172,0.00543323,-0.00294863,5.43308e-05,-2.94867e-05,0.675825,82,0
R2_wp6_gJ7,173,730173,0.0100728,0.00669036,0.000100723,6.69014e-05,1.61724,81,1
R2_wp6_gJ7,174,730174,0.149331,0.0157569,0.0014922,0.000157557,11.2377,82,0
R2_wp6_gJ7,175,730175,0.0252411,0.00660896,0.000252379,6.60874e-05,1.00902,81,1
R2_wp6_gJ7,176,730176,-0.000500433,0.00076688,-5.00434e-06,7.66877e-06,0.0352061,82,0
R2_wp6_gJ7,177,730177,0.0797326,0.011486,0.000797008,0.000114853,3.41197,82,0
R2_wp6_gJ7,178,730178,0.00205045,0.00458545,2.05043e-05,4.58534e-05,0.97505,82,0
R2_wp6_gJ7,179,730179,0.0564483,0.00673706,0.000564324,6.73683e-05,1.5883,82,0
R2_wp6_gJ7,180,730180,0.0312922,0.00328321,0.000312873,3.28316e-05,0.49479,82,0
R2_wp6_gJ7,181,730181,0.0285728,0.00510402,0.000285687,5.10389e-05,0.568259,82,0
R2_wp6_gJ7,182,730182,0.0808154,0.0154327,0.000807828,0.000154315,5.11062,82,0
R2_wp6_gJ7,183,730183,0.0084741,-0.000393603,8.47374e-05,-3.93604e-06,0.1342,82,0
R2_wp6_gJ7,184,730184,-0.00944851,-0.00230272,-9.44896e-05,-2.30274e-05,0.118709,82,0
R2_wp6_gJ7,185,730185,-0.0114903,-0.00329121,-0.000114909,-3.29126e-05,0.261791,82,0
R2_wp6_gJ7,186,730186,0.0672883,0.00714163,0.000672657,7.14138e-05,2.28065,82,0
R2_wp6_gJ7,187,730187,0.111988,0.0206987,0.00111925,0.000206966,9.24823,82,0
R2_wp6_gJ7,188,730188,-0.0547861,-0.00181316,-0.000548011,-1.81318e-05,2.57742,81,1
R2_wp6_gJ7,189,730189,0.10383,0.0135957,0.00103776,0.000135948,5.48102,82,0
R2_wp6_gJ7,190,730190,-0.000291231,-0.000220525,-2.91231e-06,-2.20525e-06,0.0018348,82,0
R2_wp6_gJ7,191,730191,0.0224855,0.017434,0.00022483,0.000174325,11.5489,82,0
R2_wp6_gJ7,192,730192,0.03277,0.00379376,0.000327646,3.79369e-05,0.535048,81,1
R2_wp6_gJ7,193,730193,-0.0280546,-0.00117933,-0.000280585,-1.17933e-05,0.618278,81,1
R2_wp6_gJ7,194,730194,-0.0352131,-0.00354238,-0.000352193,-3.54244e-05,0.634709,82,0
R2_wp6_gJ7,195,730195,-0.0273898,-0.00912494,-0.000273936,-9.12535e-05,2.18489,82,0
R2_wp6_gJ7,196,730196,-0.0285837,0.00321781,-0.000285878,3.21775e-05,2.61932,82,0
R2_wp6_gJ7,197,730197,0.0942899,0.016388,0.000942455,0.000163867,5.92354,82,0
R2_wp6_gJ7,198,730198,0.0508953,0.00242931,0.000508824,2.42929e-05,1.92388,82,0
R2_wp6_gJ7,199,730199,0.0306315,0.0119353,0.000306268,0.000119345,4.06856,82,0
R2_wp6_gJ7,200,730200,5.44145e-05,0.00185025,5.44145e-07,1.85023e-05,0.17513,82,0
R1_p0_lsm6dsv16x,1,740001,-0.0444091,-0.00793911,-0.00044419,-7.93942e-05,0.980485,84,0
R1_p0_lsm6dsv16x,2,740002,-0.0506461,-0.00617574,-0.000506589,-6.17594e-05,1.03084,84,0
R1_p0_lsm6dsv16x,3,740003,0.0340676,-0.00311172,0.000340618,-3.11177e-05,2.21486,84,0
R1_p0_lsm6dsv16x,4,740004,-0.0281002,-0.00545131,-0.000281041,-5.45146e-05,0.440745,84,0
R1_p0_lsm6dsv16x,5,740005,0.02631,-0.00219125,0.000263065,-2.19127e-05,1.24464,84,0
R1_p0_lsm6dsv16x,6,740006,0.0729582,0.00289325,0.000729316,2.8932e-05,3.37275,84,0
R1_p0_lsm6dsv16x,7,740007,0.0275129,0.00620362,0.000275091,6.20343e-05,0.554068,84,0
R1_p0_lsm6dsv16x,8,740008,0.00866017,0.000572516,8.6598e-05,5.72515e-06,0.0383662,84,0
R1_p0_lsm6dsv16x,9,740009,0.085482,0.0130639,0.000854455,0.000130631,3.12239,84,0
R1_p0_lsm6dsv16x,10,740010,0.0433201,0.00877463,0.000433108,8.77425e-05,1.124,84,0
R1_p0_lsm6dsv16x,11,740011,0.0698214,0.0063678,0.00069797,6.3676e-05,2.12974,84,0
R1_p0_lsm6dsv16x,12,740012,-0.00955389,0.00778772,-9.55434e-05,7.78742e-05,2.64516,84,0
R1_p0_lsm6dsv16x,13,740013,0.00719224,0.00977293,7.19198e-05,9.77245e-05,2.57216,84,0
R1_p0_lsm6dsv16x,14,740014,-0.00741355,-0.0048084,-7.41383e-05,-4.80852e-05,0.510938,84,0
R1_p0_lsm6dsv16x,15,740015,-0.013495,-0.00218152,-0.000134959,-2.18154e-05,0.081288,84,0
R1_p0_lsm6dsv16x,16,740016,0.0243235,0.00495976,0.000243206,4.95964e-05,0.358468,84,0
R1_p0_lsm6dsv16x,17,740017,0.0908299,0.0146442,0.000907887,0.000146432,3.67159,84,0
R1_p0_lsm6dsv16x,18,740018,-0.0331079,-0.0113246,-0.000331134,-0.000113252,2.12068,84,0
R1_p0_lsm6dsv16x,19,740019,0.0420492,0.00260536,0.000420403,2.60532e-05,0.932813,84,0
R1_p0_lsm6dsv16x,20,740020,0.0254699,0.00241332,0.000254667,2.41329e-05,0.278865,84,0
R1_p0_lsm6dsv16x,21,740021,0.106429,0.011235,0.00106373,0.000112344,4.67254,84,0
R1_p0_lsm6dsv16x,22,740022,0.0838215,0.00887343,0.000837864,8.87304e-05,2.8965,84,0
R1_p0_lsm6dsv16x,23,740023,0.0794205,0.0208782,0.000793889,0.00020876,6.44556,84,0
R1_p0_lsm6dsv16x,24,740024,0.0501643,0.000701152,0.000501517,7.0115e-06,2.00323,84,0
R1_p0_lsm6dsv16x,25,740025,0.0319651,0.00389693,0.0003196,3.89685e-05,0.41029,84,0
R1_p0_lsm6dsv16x,26,740026,0.0921819,0.00998049,0.000921394,9.98e-05,3.47983,84,0
R1_p0_lsm6dsv16x,27,740027,0.0878383,0.0119144,0.000877997,0.000119137,3.1265,84,0
R1_p0_lsm6dsv16x,28,740028,0.00771372,0.0066508,7.71342e-05,6.65058e-05,1.0723,84,0
R1_p0_lsm6dsv16x,29,740029,0.0193991,0.0131923,0.000193972,0.000131914,3.9116,84,0
R1_p0_lsm6dsv16x,30,740030,0.119288,0.013023,0.00119217,0.000130221,5.81246,84,0
R1_p0_lsm6dsv16x,31,740031,0.00220543,0.00410657,2.20541e-05,4.10648e-05,0.477351,84,0
R1_p0_lsm6dsv16x,32,740032,0.0822832,0.00583688,0.000822494,5.83671e-05,3.34218,84,0
R1_p0_lsm6dsv16x,33,740033,0.0134649,0.00717752,0.00013464,7.17726e-05,1.05275,84,0
R1_p0_lsm6dsv16x,34,740034,0.0873172,0.0259521,0.000872791,0.000259487,10.4281,84,0
R1_p0_lsm6dsv16x,35,740035,0.0405192,-0.00364024,0.00040511,-3.64031e-05,3.09877,84,0
R1_p0_lsm6dsv16x,36,740036,-0.0279563,0.00194919,-0.000279602,1.94917e-05,1.26786,84,0
R1_p0_lsm6dsv16x,37,740037,0.029824,0.00439102,0.000298195,4.39093e-05,0.371976,84,0
R1_p0_lsm6dsv16x,38,740038,0.104381,0.00853579,0.00104327,8.53543e-05,5.00976,84,0
R1_p0_lsm6dsv16x,39,740039,0.0511565,0.000319796,0.000511434,3.19795e-06,2.23286,84,0
R1_p0_lsm6dsv16x,40,740040,0.0061926,-0.00643749,6.19241e-05,-6.4377e-05,1.69751,84,0
R1_p0_lsm6dsv16x,41,740041,0.00398463,-0.00316906,3.98455e-05,-3.16911e-05,0.441212,84,0
R1_p0_lsm6dsv16x,42,740042,0.0220115,-0.00147237,0.000220091,-1.47238e-05,0.768577,84,0
R1_p0_lsm6dsv16x,43,740043,0.0441003,0.0103689,0.000440906,0.000103683,1.55202,84,0
R1_p0_lsm6dsv16x,44,740044,0.182878,0.0252749,0.00182711,0.000252717,13.6107,84,0
R1_p0_lsm6dsv16x,45,740045,0.00305642,0.00370468,3.05637e-05,3.70462e-05,0.361512,84,0
R1_p0_lsm6dsv16x,46,740046,0.0755571,0.0117459,0.000755286,0.000117452,2.46852,84,0
R1_p0_lsm6dsv16x,47,740047,-0.0127649,0.00166178,-0.000127657,1.66177e-05,0.407436,84,0
R1_p0_lsm6dsv16x,48,740048,-0.0690815,-0.0103875,-0.000691054,-0.000103881,2.02086,84,0
R1_p0_lsm6dsv16x,49,740049,0.0342763,0.0112597,0.000342704,0.000112591,2.05538,84,0
R1_p0_lsm6dsv16x,50,740050,0.0122071,0.0160209,0.000122063,0.000160197,6.86714,84,0
R1_p0_lsm6dsv16x,51,740051,-0.0282041,0.000988312,-0.000282081,9.88307e-06,0.974562,84,0
R1_p0_lsm6dsv16x,52,740052,0.0497926,-0.00211924,0.000497802,-2.11926e-05,3.23251,84,0
R1_p0_lsm6dsv16x,53,740053,-0.0290643,-0.00736636,-0.000290685,-7.36663e-05,0.794362,84,0
R1_p0_lsm6dsv16x,54,740054,0.0159845,0.00124981,0.000159832,1.2498e-05,0.120246,84,0
R1_p0_lsm6dsv16x,55,740055,0.0332736,0.00671591,0.000332681,6.71568e-05,0.659152,84,0
R1_p0_lsm6dsv16x,56,740056,0.00368982,0.00417015,3.68976e-05,4.17006e-05,0.451285,84,0
R1_p0_lsm6dsv16x,57,740057,-0.00677385,0.0130721,-6.77408e-05,0.000130712,6.28613,84,0
R1_p0_lsm6dsv16x,58,740058,0.129242,0.0174176,0.00129159,0.000174161,6.75587,84,0
R1_p0_lsm6dsv16x,59,740059,0.0238608,-0.00441191,0.000238579,-4.41201e-05,1.99213,84,0
R1_p0_lsm6dsv16x,60,740060,0.0723801,0.0146829,0.000723539,0.000146818,3.14562,84,0
R1_p0_lsm6dsv16x,61,740061,0.000660583,0.00949496,6.60581e-06,9.49451e-05,2.86823,84,0
R1_p0_lsm6dsv16x,62,740062,-0.0625263,-0.00736108,-0.000625459,-7.36135e-05,1.57632,84,0
R1_p0_lsm6dsv16x,63,740063,0.0370636,0.0017275,0.000370567,1.72749e-05,0.82052,84,0
R1_p0_lsm6dsv16x,64,740064,-0.0130668,-0.00199766,-0.000130677,-1.99768e-05,0.0730275,84,0
R1_p0_lsm6dsv16x,65,740065,0.0363394,0.00600492,0.000363328,6.00474e-05,0.601236,84,0
R1_p0_lsm6dsv16x,66,740066,-0.0106137,-0.00911951,-0.000106142,-9.11992e-05,2.01442,84,0
R1_p0_lsm6dsv16x,67,740067,0.0113864,-0.00682015,0.000113858,-6.82038e-05,2.24866,84,0
R1_p0_lsm6dsv16x,68,740068,0.0477986,0.0132083,0.000477872,0.000132074,2.62362,84,0
R1_p0_lsm6dsv16x,69,740069,-0.0271393,-0.00417565,-0.00027143,-4.17574e-05,0.316408,84,0
R1_p0_lsm6dsv16x,70,740070,0.0456943,0.0220304,0.000456839,0.00022028,9.485,84,0
R1_p0_lsm6dsv16x,71,740071,0.114068,0.0175859,0.00114003,0.000175843,5.59169,84,0
R1_p0_lsm6dsv16x,72,740072,-0.0323555,-0.0054361,-0.000323608,-5.43624e-05,0.484739,84,0
R1_p0_lsm6dsv16x,73,740073,0.0220203,0.00484236,0.000220179,4.84224e-05,0.337728,84,0
R1_p0_lsm6dsv16x,74,740074,0.0476982,0.0136855,0.000476869,0.000136846,2.85772,84,0
R1_p0_lsm6dsv16x,75,740075,0.0151247,0.00293425,0.000151235,2.93421e-05,0.127674,84,0
R1_p0_lsm6dsv16x,76,740076,0.0388949,0.000345738,0.000388874,3.45737e-06,1.26073,84,0
R1_p0_lsm6dsv16x,77,740077,-0.0194831,-0.00453148,-0.000194849,-4.53159e-05,0.296141,84,0
R1_p0_lsm6dsv16x,78,740078,0.0764331,0.00908387,0.000764039,9.08345e-05,2.34945,84,0
R1_p0_lsm6dsv16x,79,740079,-0.0381513,-0.0165264,-0.000381586,-0.000165278,5.07663,84,0
R1_p0_lsm6dsv16x,80,740080,0.0847289,0.0025794,0.00084693,2.57937e-05,4.93076,84,0
R1_p0_lsm6dsv16x,81,740081,0.0600063,0.00509772,0.000599883,5.09759e-05,1.62615,84,0
R1_p0_lsm6dsv16x,82,740082,0.00501196,0.00874586,5.01183e-05,8.74548e-05,2.1456,84,0
R1_p0_lsm6dsv16x,83,740083,0.00803241,0.00914946,8.03208e-05,9.14905e-05,2.17603,84,0
R1_p0_lsm6dsv16x,84,740084,0.021961,0.00795364,0.000219586,7.95332e-05,1.07602,84,0
R1_p0_lsm6dsv16x,85,740085,0.0856194,0.0207352,0.000855828,0.00020733,6.23218,84,0
R1_p0_lsm6dsv16x,86,740086,0.00867367,0.00309986,8.67329e-05,3.09981e-05,0.162371,84,0
R1_p0_lsm6dsv16x,87,740087,0.0726209,0.00540991,0.000725945,5.40977e-05,2.54085,84,0
R1_p0_lsm6dsv16x,88,740088,0.0243444,0.00516822,0.000243415,5.16809e-05,0.386015,84,0
R1_p0_lsm6dsv16x,89,740089,0.0924287,0.012988,0.00092386,0.000129872,3.49863,84,0
R1_p0_lsm6dsv16x,90,740090,-0.0216778,0.00323301,-0.000216802,3.23296e-05,1.32743,84,0
R1_p0_lsm6dsv16x,91,740091,0.0937923,0.0164082,0.000937483,0.000164068,4.25616,84,0
R1_p0_lsm6dsv16x,92,740092,0.00590788,0.00157651,5.90771e-05,1.5765e-05,0.0369293,84,0
R1_p0_lsm6dsv16x,93,740093,0.0575702,0.00625062,0.000575536,6.25042e-05,1.35674,84,0
R1_p0_lsm6dsv16x,94,740094,-0.050095,-0.00806078,-0.000501075,-8.0611e-05,1.11594,84,0
R1_p0_lsm6dsv16x,95,740095,0.0022468,0.000987767,2.24677e-05,9.87762e-06,0.0182629,84,0
R1_p0_lsm6dsv16x,96,740096,0.0320504,0.00703303,0.000320453,7.03279e-05,0.712484,84,0
R1_p0_lsm6dsv16x,97,740097,-0.0556977,-0.00572858,-0.000557133,-5.72874e-05,1.2931,84,0
R1_p0_lsm6dsv16x,98,740098,0.00299552,-0.0118341,2.99548e-05,-0.000118348,4.82812,84,0
R1_p0_lsm6dsv16x,99,740099,0.0693135,0.000801985,0.000692895,8.01982e-06,3.90731,84,0
R1_p0_lsm6dsv16x,100,740100,0.0375454,0.00750697,0.000375383,7.50669e-05,0.826028,84,0
