phi_deg,f2,d_sys,dbeta_beta_pct,dR_R_pct,d_tot,class,D_max,D_threshold,detected,max_perbin_fraction,min_pair_mean_coherence,sigma_ratio_lnbeta,sigma_ratio_lnR,bins_changing_acceptance
15,0.05,7.54784,2.66957,0.366743,7.84654,Not identifiable,6.73466,2.96967,1,0.107143,0.987095,1.07713,1.04837,0
15,0.1,15.1293,5.42301,0.736627,15.4278,Not identifiable,11.7686,2.96967,1,0.345238,0.986434,1.13774,1.08453,0
15,0.25,38.0784,14.2174,1.86552,38.3768,Not identifiable,21.1579,2.96967,1,0.607143,0.984921,1.26037,1.15523,0
15,0.5,77.0261,30.86,3.81371,77.3243,Not identifiable,26.144,2.96967,1,0.678571,0.983978,1.33977,1.20213,0
30,0.05,29.1652,10.3899,1.2551,29.4708,Not identifiable,50.1254,2.96967,1,0.869048,0.977083,1.67094,1.38667,0
30,0.1,58.7772,22.0501,2.54805,59.0828,Not identifiable,70.1797,2.96967,1,0.904762,0.967429,2.00099,1.5689,0
30,0.25,150.425,66.5885,6.67193,150.731,Not identifiable,97.5172,2.96967,1,0.928571,0.945063,2.48889,1.84647,0
30,0.5,313.419,190.031,14.4868,313.725,Not identifiable,109.791,2.96967,1,0.940476,0.930057,2.77054,2.01891,0
60,0.05,85.0453,23.362,1.09991,85.3356,Not identifiable,136.076,2.96967,1,0.964286,0.89256,3.07216,2.37409,0
60,0.1,172.65,53.181,2.25153,172.941,Not identifiable,166.532,2.96967,1,0.988095,0.807775,3.44515,2.62778,0
60,0.25,452.464,206.333,6.06095,452.755,Not identifiable,207.369,2.96967,1,1,0.61207,3.8634,2.9224,0
60,0.5,988.419,1063.09,13.9553,988.71,Not identifiable,229.912,2.96967,1,1,0.471258,4.25528,3.21212,0
90,0.05,117.223,-2.92622,-4.6339,117.338,Not identifiable,158.785,2.96967,1,1,0.857383,2.37124,2.27986,0
90,0.1,237.707,-6.08597,-9.20827,237.821,Not identifiable,190.801,2.96967,1,1,0.741391,2.47792,2.37854,0
90,0.25,620.45,-16.9672,-22.544,620.561,Not identifiable,234.762,2.96967,1,1,0.465445,2.63063,2.51411,0
90,0.5,1342.17,-39.319,-43.2834,1342.28,Not identifiable,261.497,2.96967,1,1,0.260067,2.8492,2.70171,0
