noise_case,eps_noise,dbeta_pct,dR_pct,d_sys,d_tot,bins_flipped_fraction,class
datasheet,-1,9.66861e-05,-3.19026e-05,0.0246178,1.18514,0,Not identifiable
datasheet,-0.5,4.83442e-05,-1.59515e-05,0.0123091,1.197,0,Not identifiable
datasheet,-0.3,2.90068e-05,-9.57096e-06,0.00738553,1.20175,0,Not identifiable
datasheet,-0.1,9.66903e-06,-3.19034e-06,0.00246186,1.2065,0,Not identifiable
datasheet,0.1,-9.66912e-06,3.19036e-06,0.00246188,1.21125,0,Not identifiable
datasheet,0.3,-2.90077e-05,9.57113e-06,0.00738568,1.216,0,Not identifiable
datasheet,0.5,-4.83466e-05,1.5952e-05,0.0123095,1.22076,0,Not identifiable
fused3,-1,0.000270809,-0.000384897,0.0926122,0.4428,0,Identifiable
fused3,-0.5,0.00013543,-0.000192466,0.0463106,0.462925,0,Identifiable
fused3,-0.3,8.12641e-05,-0.000115484,0.0277875,0.472009,0,Identifiable
fused3,-0.1,2.70901e-05,-3.8496e-05,0.00926286,0.481634,0,Identifiable
fused3,0.1,-2.70921e-05,3.84974e-05,0.00926322,0.49177,0,Identifiable
fused3,0.3,-8.12825e-05,0.000115496,0.0277908,0.502386,0,Marginal
fused3,0.5,-0.000135481,0.000192501,0.0463198,0.513452,0,Marginal
lsm6dsv16x,-1,0.000247457,-0.000683042,0.128535,0.406095,0,Identifiable
lsm6dsv16x,-0.5,0.000123769,-0.000341566,0.0642763,0.416127,0,Identifiable
lsm6dsv16x,-0.3,7.42715e-05,-0.000204951,0.038568,0.422818,0,Identifiable
lsm6dsv16x,-0.1,2.47605e-05,-6.83206e-05,0.0128567,0.430941,0,Identifiable
lsm6dsv16x,0.1,-2.47637e-05,6.83242e-05,0.0128574,0.440419,0,Identifiable
lsm6dsv16x,0.3,-7.43012e-05,0.000204984,0.0385745,0.451166,0,Identifiable
lsm6dsv16x,0.5,-0.000123852,0.000341658,0.0642945,0.463094,0,Identifiable
g3,-1,7.55972e-05,-0.0013529,0.191129,0.407016,0,Identifiable
g3,-0.5,3.78516e-05,-0.00067659,0.0955848,0.387696,0,Identifiable
g3,-0.3,2.27238e-05,-0.000405989,0.0573559,0.386366,0,Identifiable
g3,-0.1,7.57888e-06,-0.000135341,0.0191203,0.388809,0,Identifiable
g3,0.1,-7.58318e-06,0.000135353,0.019122,0.394957,0,Identifiable
g3,0.3,-2.27625e-05,0.000406092,0.0573709,0.404643,0,Identifiable
g3,0.5,-3.79591e-05,0.000676879,0.0956266,0.417623,0,Identifiable
icm42688p,-1,3.6145e-05,-0.00147096,0.200679,0.410454,0,Identifiable
icm42688p,-0.5,1.81245e-05,-0.000735641,0.100362,0.385882,0,Identifiable
icm42688p,-0.3,1.08873e-05,-0.000441424,0.0602228,0.383031,0,Identifiable
icm42688p,-0.1,3.6333e-06,-0.000147155,0.0200761,0.384374,0,Identifiable
icm42688p,0.1,-3.63752e-06,0.000147168,0.020078,0.389869,0,Identifiable
icm42688p,0.3,-1.09253e-05,0.000441544,0.0602395,0.399348,0,Identifiable
icm42688p,0.5,-1.823e-05,0.000735974,0.100409,0.412538,0,Identifiable
lsm6ds3trc,-1,-0.00768515,-0.0154098,0.763451,0.866446,0,Marginal
lsm6ds3trc,-0.5,-0.00384769,-0.00771341,0.382126,0.508028,0,Marginal
lsm6ds3trc,-0.3,-0.00230992,-0.0046302,0.229377,0.377274,0,Identifiable
lsm6ds3trc,-0.1,-0.000770427,-0.00154414,0.0764938,0.270565,0,Identifiable
lsm6ds3trc,0.1,0.000770899,0.00154491,0.07653,0.22544,0,Identifiable
lsm6ds3trc,0.3,0.00231418,0.00463711,0.229702,0.274447,0,Identifiable
lsm6ds3trc,0.5,0.00385955,0.00773266,0.383032,0.3832,0,Identifiable
