phi_deg,eps_pct,f_detect,f_dsys_0p5
15,-10,0,0.00332075
15,-5,0.00433128,0.00332075
15,0,0.0201324,0.00332075
15,5,0.0367769,0.00332075
15,10,0.0544084,0.00332075
30,-10,0,0.000861585
30,-5,0.000294358,0.000861585
30,0,0.00133765,0.000861585
30,5,0.00242522,0.000861585
30,10,0.00353427,0.000861585
60,-10,0,0.000298099
60,-5,2.82879e-05,0.000298099
60,0,0.000129521,0.000298099
60,5,0.000233064,0.000298099
60,10,0.000342212,0.000298099
90,-10,0,0.000215643
90,-5,1.36243e-05,0.000215643
90,0,6.28528e-05,0.000215643
90,5,0.000114816,0.000215643
90,10,0.000168587,0.000215643
