n_s,design,layout,d_tot_worst_best_reference,d_tot_worst_precision_reference,sigma_lnbeta_worst,class_worst,d_tot_phi_30_f2_0_10,d_tot_phi_30_f2_0_25,d_tot_phi_60_f2_0_10,d_tot_phi_60_f2_0_25,d_tot_phi_90_f2_0_10,d_tot_phi_90_f2_0_25,d_tot_spread_s_10
2,robustMean,s6+s26,50.6038,60.3354,0.279833,Not identifiable,24.1921,42.725,26.8388,46.9015,25.8192,45.1483,50.6038
2,robustWorst,s2+s30,50.6038,60.3354,0.279833,Not identifiable,24.1921,42.725,26.8388,46.9015,25.8192,45.1483,50.6038
2,D1,s6+s18,48.2708,54.9645,0.498338,Not identifiable,23.1197,40.9428,27.3483,47.7239,27.5634,47.9701,48.2708
2,leastBad,s2+s3,38.1296,42.8551,1.1146e+10,-,19.2622,36.9278,21.2033,38.1296,21.2885,37.8918,28.5907
3,robustMean,s19+s21+s24,52.2589,65.2549,0.0255192,Not identifiable,5.00545,6.39245,4.57422,5.83676,6.63921,8.52209,52.2589
3,robustWorst,s18+s20+s23,52.2589,65.2549,0.0255192,Not identifiable,5.00545,6.39245,4.57422,5.83676,6.63921,8.52209,52.2589
3,D1,s6+s14+s18,36.5045,58.0862,0.0774756,Not identifiable,19.2833,32.6847,20.1258,35.2781,21.5173,36.5045,36.1406
3,leastBad,s1+s10+s30,33.8476,70.5671,0.0613405,-,16.7061,31.1061,18.1317,29.6014,18.4123,28.5854,33.8476
4,robustMean,s10+s20+s24+s30,43.4555,52.2189,0.0104144,Not identifiable,1.73198,2.15027,1.90749,1.61099,2.01611,2.56917,43.4555
4,robustWorst,s18+s20+s22+s24,41.0436,50.3039,0.00889918,Not identifiable,1.34055,1.61543,1.065,1.38047,1.91125,2.22098,41.0436
4,D1,s6+s14+s18+s26,33.3198,59.7655,0.0550202,Not identifiable,18.2806,33.3198,19.4138,31.6815,19.2668,30.4272,29.1036
4,Level2C,s2+s6+s14+s26,33.6815,65.3957,0.0584215,Not identifiable,16.1608,29.5454,16.963,26.9573,17.0875,25.711,33.6815
4,leastBad,s2+s22+s27+s33,24.891,50.041,0.0208378,-,2.26935,2.95493,1.71376,1.93145,2.01651,2.46874,24.891
