noise,n_s,design,layout,A_mean,A_worst,sigma_lnbeta_mean,sigma_lnbeta_worst,sigma_lnbeta_worst_known_heading,sigma_lnR_worst,d_W_worst,class_worst,efficiency_mean,efficiency_worst,sigma_lnbeta_heading0_known
lsm6dsv16x,2,robustMean,s6+s26,0.000202374,0.000804003,0.0129027,0.0280143,0.026012,0.00438191,0.270249,Marginal,1,1,0.00512134
lsm6dsv16x,2,robustWorst,s2+s30,0.000202374,0.000804003,0.0129027,0.0280143,0.026012,0.00438191,0.270249,Marginal,1,1,0.00719286
lsm6dsv16x,2,D1,s6+s18,0.000390465,0.00276615,0.0158481,0.0518387,0.0517632,0.00888226,0.217944,Not identifiable,0.518289,0.290658,0.00463031
lsm6dsv16x,3,robustMean,s19+s21+s24,2.7683e-05,3.99127e-05,0.00504486,0.00602379,0.00588306,0.00190438,0.336969,Identifiable,1,1,0.00471187
lsm6dsv16x,3,robustWorst,s18+s20+s23,2.7683e-05,3.99127e-05,0.00504486,0.00602379,0.00588306,0.00190438,0.336969,Identifiable,1,1,0.00440665
lsm6dsv16x,3,D1,s6+s14+s18,0.000192694,0.00119386,0.0115282,0.0339778,0.0305882,0.00627478,0.243391,Marginal,0.143663,0.0334316,0.00372323
lsm6dsv16x,4,robustMean,s10+s20+s24+s30,1.74155e-05,2.39914e-05,0.00406463,0.00483783,0.00481528,0.00112122,0.3236,Identifiable,1,0.813103,0.00493789
lsm6dsv16x,4,robustWorst,s18+s20+s22+s24,1.76453e-05,1.95075e-05,0.00397094,0.00434131,0.00433061,0.00196816,0.333277,Identifiable,0.986973,1,0.00443941
lsm6dsv16x,4,D1,s6+s14+s18+s26,9.45059e-05,0.00048054,0.00859401,0.0216633,0.0215971,0.00335292,0.335254,Marginal,0.184279,0.0405949,0.00334422
lsm6dsv16x,4,Level2C,s2+s6+s14+s26,6.60562e-05,0.000216094,0.00758723,0.0145095,0.0145073,0.00235957,0.283422,Marginal,0.263646,0.0902731,0.00355359
icm42688p,2,robustMean,s2+s30,0.000382946,0.00153203,0.0177215,0.0386703,0.0358991,0.00605312,0.201759,Marginal,1,1,0.00984679
icm42688p,2,robustWorst,s2+s30,0.000382946,0.00153203,0.0177215,0.0386703,0.0358991,0.00605312,0.201759,Marginal,1,1,0.00984679
icm42688p,2,D1,s6+s18,0.000743329,0.00529004,0.0218157,0.0716859,0.071581,0.0122956,0.161498,Not identifiable,0.515177,0.289607,0.00634719
icm42688p,3,robustMean,s19+s22+s24,5.17576e-05,7.41057e-05,0.00689645,0.00821044,0.00801046,0.00259401,0.253345,Identifiable,1,1,0.00698388
icm42688p,3,robustWorst,s18+s20+s23,5.17576e-05,7.41057e-05,0.00689645,0.00821044,0.00801046,0.00259401,0.253345,Identifiable,1,1,0.00602778
icm42688p,3,D1,s6+s14+s18,0.000365581,0.00227732,0.0158409,0.0469266,0.0422354,0.00867258,0.183547,Marginal,0.141576,0.0325407,0.00507919
icm42688p,4,robustMean,s17+s19+s23+s29,3.23625e-05,4.45228e-05,0.00554002,0.00659098,0.0065622,0.00153183,0.244626,Identifiable,1,0.810101,0.00522536
icm42688p,4,robustWorst,s18+s20+s22+s24,3.27623e-05,3.60679e-05,0.00540453,0.0059008,0.00588753,0.00271205,0.251668,Identifiable,0.987795,1,0.00603133
icm42688p,4,D1,s6+s14+s18+s26,0.000178223,0.000915567,0.0117667,0.0299018,0.0298119,0.00463104,0.259299,Marginal,0.181584,0.0393941,0.00454662
icm42688p,4,Level2C,s2+s6+s14+s26,0.000124909,0.000411703,0.010418,0.0200271,0.0200244,0.00325869,0.218381,Marginal,0.259089,0.0876066,0.00484587
g3,2,robustMean,s5+s33,0.000356786,0.00142651,0.0171079,0.0373149,0.0346419,0.00584039,0.208527,Marginal,1,1,0.00748812
g3,2,robustWorst,s2+s30,0.000356786,0.00142651,0.0171079,0.0373149,0.0346419,0.00584039,0.208527,Marginal,1,1,0.00950883
g3,2,D1,s6+s18,0.000692102,0.00492331,0.0210552,0.0691567,0.0690556,0.0118601,0.167024,Not identifiable,0.515511,0.289747,0.00612863
g3,3,robustMean,s19+s22+s24,4.82756e-05,6.9161e-05,0.00666059,0.00793161,0.0077391,0.0025054,0.261684,Identifiable,1,1,0.00674526
g3,3,robustWorst,s18+s20+s23,4.82756e-05,6.9161e-05,0.00666059,0.00793161,0.0077391,0.0025054,0.261684,Identifiable,1,1,0.00582134
g3,3,D1,s6+s14+s18,0.000340532,0.00212028,0.0152918,0.0452799,0.0407547,0.00836735,0.189535,Marginal,0.141765,0.0326188,0.00490643
g3,4,robustMean,s10+s20+s24+s30,3.02022e-05,4.15559e-05,0.00535199,0.00636755,0.00633958,0.00147956,0.252522,Identifiable,1,0.810362,0.00649917
g3,4,robustWorst,s18+s20+s22+s24,3.05769e-05,3.36753e-05,0.00522171,0.00570192,0.00568899,0.00261739,0.25985,Identifiable,0.987746,1,0.0058283
g3,4,D1,s6+s14+s18+s26,0.000166101,0.000852549,0.0113624,0.0288545,0.0287675,0.00446845,0.267149,Marginal,0.18183,0.0394996,0.00439342
g3,4,Level2C,s2+s6+s14+s26,0.000116387,0.000383372,0.0100576,0.0193258,0.0193231,0.00314431,0.225076,Marginal,0.259498,0.0878398,0.00468133
