scenario,group,provisional,beta_over_beta0,R_over_R0,gamma_over_gamma0,beta,gamma,R,Rphys_m,h_m,E_Pa,nu,depth_m,lf_m,kR_min,kR_peak,kR_max,R_over_lf,sigma_lnbeta,sigma_lnR,rho_betaR,condF,dW,bins_used,min_coherence,inverse_class,model_assessed,model_valid,final_class
ring_beta_x0.25,ring,0,0.25,1,1,1.17462e-05,0.0014548,0.383,0.72004,,,0.3,1.88,0.110061,0.773957,1.83522,5.03634,6.5422,0.000736677,0.000122115,0.841186,129.385,0.279756,84,0.97096,Identifiable,1,1,Identifiable
ring_beta_x0.5,ring,0,0.5,1,1,2.34925e-05,0.0014548,0.383,0.72004,,,0.3,1.88,0.130885,0.773957,1.83522,5.03634,5.50131,0.000538818,9.78688e-05,0.797508,86.8494,0.382482,84,0.97101,Identifiable,1,1,Identifiable
ring_beta_x2,ring,0,2,1,1,9.397e-05,0.0014548,0.383,0.72004,,,0.3,1.88,0.185099,0.773957,1.83522,5.03634,3.89002,0.000534331,8.95492e-05,0.82131,113.622,0.444804,84,0.971225,Identifiable,1,1,Identifiable
ring_beta_x4,ring,0,4,1,1,0.00018794,0.0014548,0.383,0.72004,,,0.3,1.88,0.220122,0.773957,1.83522,5.03634,3.2711,0.000615269,0.000118772,0.893816,141.569,0.420151,84,0.97134,Identifiable,1,1,Identifiable
ring_R_x0.5,ring,0,1,0.5,1,4.6985e-05,0.0014548,0.1915,0.36002,,,0.3,1.88,0.155649,0.386979,0.917609,2.51817,2.31302,0.00131231,0.000342178,0.904464,90.195,0.113783,84,0.971297,Identifiable,1,1,Identifiable
ring_R_x0.75,ring,0,1,0.75,1,4.6985e-05,0.0014548,0.28725,0.54003,,,0.3,1.88,0.155649,0.580468,1.37641,3.77725,3.46953,0.000767661,0.000152585,0.915903,167.747,0.336728,84,0.9712,Identifiable,1,1,Identifiable
ring_R_x1.5,ring,0,1,1.5,1,4.6985e-05,0.0014548,0.5745,1.08006,,,0.3,1.88,0.155649,1.16094,2.75283,7.55451,6.93905,0.00044059,7.49033e-05,0.763547,85.8265,0.331989,84,0.970877,Identifiable,1,1,Identifiable
ring_R_x2,ring,0,1,2,1,4.6985e-05,0.0014548,0.766,1.44008,,,0.3,1.88,0.155649,1.54791,3.67043,10.0727,9.25207,0.000422308,5.94522e-05,0.757929,121.309,0.666562,84,0.970629,Marginal,1,1,Marginal
corner_beta_x0.5_R_x0.5,corner,0,0.5,0.5,1,2.34925e-05,0.0014548,0.1915,0.36002,,,0.3,1.88,0.130885,0.386979,0.917609,2.51817,2.75066,0.00146919,0.000365668,0.953681,199.172,0.170068,84,0.971181,Identifiable,1,1,Identifiable
corner_beta_x0.5_R_x2,corner,0,0.5,2,1,2.34925e-05,0.0014548,0.766,1.44008,,,0.3,1.88,0.130885,1.54791,3.67043,10.0727,11.0026,0.000489315,5.49526e-05,0.707904,160.96,1.06605,84,0.970616,Not identifiable,1,0,Model check failed
corner_beta_x2_R_x0.5,corner,0,2,0.5,1,9.397e-05,0.0014548,0.1915,0.36002,,,0.3,1.88,0.185099,0.386979,0.917609,2.51817,1.94501,0.00125702,0.000303408,0.744091,41.0443,0.0975951,84,0.971413,Identifiable,1,1,Identifiable
corner_beta_x2_R_x2,corner,0,2,2,1,9.397e-05,0.0014548,0.766,1.44008,,,0.3,1.88,0.185099,1.54791,3.67043,10.0727,7.78003,0.0003797,6.49196e-05,0.769315,86.7722,0.290685,84,0.970631,Identifiable,1,1,Identifiable
basin_p0,basin,0,1,1,1,4.6985e-05,0.0014548,0.383,0.72004,,,0.3,1.88,0.155649,0.773957,1.83522,5.03634,4.62604,0.000499081,8.33414e-05,0.745174,83.1855,0.435516,84,0.971117,Identifiable,1,1,Identifiable
pp3mm_R072,tank,0,0.697806,0.999944,0.998163,3.27864e-05,0.00145213,0.382979,0.72,0.003,1.5e+09,0.4,1.88,0.14226,0.773914,1.83512,5.03606,5.06117,0.000490193,8.67182e-05,0.751788,76.1454,0.419604,84,0.971031,Identifiable,1,1,Identifiable
pp5mm_D40,tank,0,3.23058,0.277762,1.66361,0.000151789,0.00242021,0.106383,0.2,0.005,1.5e+09,0.4,1.88,0.208674,0.214976,0.509754,1.39891,0.958434,0.0175405,0.000803026,0.14454,487.339,0.115274,84,0.971187,Marginal,1,0,Model check failed
pp10mm_D40,tank,0,25.8447,0.277762,3.32721,0.00121431,0.00484043,0.106383,0.2,0.01,1.5e+09,0.4,1.88,0.350946,0.214976,0.509754,1.39891,0.569888,0.145013,0.000902243,0.00531937,25833.1,0.0976861,84,0.971236,Not identifiable,1,0,Model check failed
pp5mm_D100,tank,0,3.23058,0.694406,1.66361,0.000151789,0.00242021,0.265957,0.5,0.005,1.5e+09,0.4,1.88,0.208674,0.53744,1.27439,3.49726,2.39608,0.000875637,0.000221611,0.905988,96.6371,0.167304,84,0.971487,Identifiable,1,1,Identifiable
modelFloe_E0.5GPa,tank,1,551.353,0.305539,13.3088,0.0259053,0.0193617,0.117021,0.22,0.04,5e+08,0.4,1.88,0.754232,0.236474,0.56073,1.5388,0.291687,0.759059,0.000882006,-0.695945,1.4363e+06,0.133522,84,0.971606,Not identifiable,1,0,Model check failed
modelFloe_E1.5GPa,tank,1,1654.06,0.305539,13.3088,0.077716,0.0193617,0.117021,0.22,0.04,1.5e+09,0.4,1.88,0.992625,0.236474,0.56073,1.5388,0.221634,0.440204,0.000680365,-0.367073,483815,0.130227,84,0.971611,Not identifiable,1,0,Model check failed
modelFloe_E3.0GPa,tank,1,3308.12,0.305539,13.3088,0.155432,0.0193617,0.117021,0.22,0.04,3e+09,0.4,1.88,1.18044,0.236474,0.56073,1.5388,0.186372,0.645107,0.00106889,-0.806476,1.04192e+06,0.131864,84,0.971614,Not identifiable,1,0,Model check failed
miz_R10_h1,miz,0,5.23445,0.213858,5.03693,0.000245941,0.00732772,0.0819075,10,1,6e+09,0.3,122.089,15.2892,0.266092,0.392475,1.07706,0.654058,0.12761,0.00236277,-0.0726242,2932.4,0.0312231,69,0.999696,Not identifiable,1,0,Model check failed
miz_R25_h1,miz,0,5.23445,0.534644,5.03693,0.000245941,0.00732772,0.204769,25,1,6e+09,0.3,122.089,15.2892,0.665229,0.981188,2.69265,1.63514,0.00141182,0.000276271,0.461687,33.7501,0.0922673,69,0.999676,Identifiable,1,1,Identifiable
miz_R50_h1,miz,0,5.23445,1.06929,5.03693,0.000245941,0.00732772,0.409537,50,1,6e+09,0.3,122.089,15.2892,1.33046,1.96238,5.3853,3.27029,0.000575825,0.000110303,0.891993,141.322,0.427749,69,0.998682,Identifiable,1,1,Identifiable
miz_R25_h05_E3,miz,0,0.328352,0.535133,2.52077,1.54276e-05,0.00366721,0.204956,25,0.5,3e+09,0.3,121.977,7.64459,0.646515,0.982086,2.69511,3.27029,0.00135491,0.000300135,0.962342,301.502,0.219122,70,0.999595,Identifiable,1,1,Identifiable
