noise_case,L,T_min,N,K,N_eff,sigma_lnbeta_pct,sigma_lnR_pct,d_W,rmse_lnbeta_pct,rmse_lnR_pct,kappa_F,bins_candidate,bins_used_in_F,invalid_fraction,class
datasheet,512,10,6000,22,20.8921,0.565211,0.0841774,1.17898,0.731251,0.128492,149.528,21,21,0,Not identifiable
datasheet,512,20,12000,45,42.6815,0.390463,0.0581519,1.70663,0.606407,0.113165,149.528,21,21,0,Not identifiable
datasheet,512,30,18000,69,65.4183,0.314084,0.0467769,2.12164,0.560283,0.107762,149.528,21,21,0,Not identifiable
datasheet,512,60,36000,139,131.734,0.220474,0.0328353,3.02247,0.513689,0.102483,149.528,21,21,0,Not identifiable
datasheet,512,109,65536,255,241.629,0.162509,0.0242026,4.10054,0.491607,0.100052,149.528,21,21,0,Not identifiable
datasheet,512,180,108000,420,397.945,0.126528,0.0188439,5.26663,0.480913,0.0988923,149.528,21,21,0,Not identifiable
datasheet,512,240,144000,561,531.524,0.109446,0.0162998,6.08864,0.476704,0.0984392,149.528,21,21,0,Not identifiable
datasheet,1024,10,6000,10,9.52381,0.499506,0.081571,0.418789,0.538633,0.0876346,113.085,42,42,0,Identifiable
datasheet,1024,20,12000,22,20.8921,0.326977,0.0533965,0.639767,0.384102,0.0622672,113.085,42,42,0,Marginal
datasheet,1024,30,18000,34,32.2605,0.260831,0.0425946,0.802009,0.329626,0.0532947,113.085,42,42,0,Marginal
datasheet,1024,60,36000,69,65.4183,0.181699,0.0296721,1.15129,0.271358,0.043663,113.085,42,42,0,Not identifiable
datasheet,1024,109,65536,127,120.366,0.13348,0.0217978,1.56719,0.241738,0.0387449,113.085,42,42,0,Not identifiable
datasheet,1024,180,108000,209,198.05,0.103889,0.0169654,2.01358,0.226745,0.036247,113.085,42,42,0,Not identifiable
datasheet,1024,240,144000,280,265.313,0.0897012,0.0146485,2.33206,0.220605,0.0352222,113.085,42,42,0,Not identifiable
datasheet,2048,10,6000,4,,,,,,,,,,,inadmissible (K < 8)
datasheet,2048,20,12000,10,9.52381,0.303634,0.053809,0.237602,0.311963,0.0546253,97.9735,84,84,0,Identifiable
datasheet,2048,30,18000,16,15.2079,0.235181,0.041678,0.306759,0.24584,0.0427266,97.9735,84,84,0,Identifiable
datasheet,2048,60,36000,34,32.2605,0.158551,0.0280979,0.45502,0.17397,0.0296311,97.9735,84,84,0,Identifiable
datasheet,2048,109,65536,63,59.7341,0.115671,0.0204987,0.623703,0.136039,0.0225546,97.9735,84,84,0,Marginal
datasheet,2048,180,108000,104,98.5762,0.089742,0.0159038,0.803904,0.114806,0.0184781,97.9735,84,84,0,Marginal
datasheet,2048,240,144000,139,131.734,0.0775307,0.0137397,0.930522,0.105536,0.016652,97.9735,84,84,0,Marginal
datasheet,4096,10,6000,1,,,,,,,,,,,inadmissible (K < 8)
datasheet,4096,20,12000,4,,,,,,,,,,,inadmissible (K < 8)
datasheet,4096,30,18000,7,,,,,,,,,,,inadmissible (K < 8)
datasheet,4096,60,36000,16,15.2079,0.151631,0.0281907,0.15877,0.153299,0.0283101,96.9713,167,167,0,Identifiable
datasheet,4096,109,65536,31,29.4184,0.107215,0.0199329,0.224545,0.10956,0.0201015,96.9713,167,167,0,Identifiable
datasheet,4096,180,108000,51,48.3657,0.0830467,0.0154397,0.289891,0.0860535,0.0156568,96.9713,167,167,0,Identifiable
datasheet,4096,240,144000,69,65.4183,0.0712114,0.0132393,0.338071,0.0746962,0.0134919,96.9713,167,167,0,Identifiable
fused3,512,10,6000,22,20.8921,1.18346,0.201568,0.823824,1.53235,0.245185,103.443,21,21,0,Marginal
fused3,512,20,12000,45,42.6815,0.817566,0.139248,1.19253,1.27119,0.197171,103.443,21,21,0,Not identifiable
fused3,512,30,18000,69,65.4183,0.657642,0.11201,1.48252,1.17474,0.178976,103.443,21,21,0,Not identifiable
fused3,512,60,36000,139,131.734,0.461636,0.0786261,2.11198,1.07732,0.160213,103.443,21,21,0,Not identifiable
fused3,512,109,65536,255,241.629,0.340267,0.0579545,2.8653,1.03116,0.151146,103.443,21,21,0,Not identifiable
fused3,512,180,108000,420,397.945,0.264929,0.0451228,3.68011,1.00881,0.146705,103.443,21,21,0,Not identifiable
fused3,512,240,144000,561,531.524,0.229162,0.0390309,4.2545,1.00001,0.144947,103.443,21,21,0,Not identifiable
fused3,1024,10,6000,10,9.52381,1.12469,0.204903,0.299512,1.17106,0.208763,95.8115,42,42,0,Marginal
fused3,1024,20,12000,22,20.8921,0.736222,0.13413,0.45755,0.805291,0.139956,95.8116,42,42,0,Identifiable
fused3,1024,30,18000,34,32.2605,0.587288,0.106996,0.573583,0.671847,0.114215,95.8116,42,42,0,Marginal
fused3,1024,60,36000,69,65.4183,0.409114,0.0745349,0.823385,0.523302,0.0845719,95.8116,42,42,0,Marginal
fused3,1024,109,65536,127,120.366,0.300545,0.0547551,1.12083,0.443619,0.067787,95.8116,42,42,0,Not identifiable
fused3,1024,180,108000,209,198.05,0.233917,0.0426164,1.44008,0.401481,0.0584218,95.8116,42,42,0,Not identifiable
fused3,1024,240,144000,280,265.313,0.201971,0.0367964,1.66785,0.383748,0.0543225,95.8116,42,42,0,Not identifiable
fused3,2048,10,6000,4,,,,,,,,,,,inadmissible (K < 8)
fused3,2048,20,12000,10,9.52381,0.746668,0.140414,0.140552,0.752786,0.140814,98.2493,84,84,0,Identifiable
fused3,2048,30,18000,16,15.2079,0.578335,0.108758,0.181462,0.586212,0.109275,98.2493,84,84,0,Identifiable
fused3,2048,60,36000,34,32.2605,0.389894,0.0733213,0.269165,0.401487,0.0740849,98.2493,84,84,0,Identifiable
fused3,2048,109,65536,63,59.7341,0.284446,0.0534912,0.368948,0.300139,0.0545333,98.2493,84,84,0,Identifiable
fused3,2048,180,108000,104,98.5762,0.220685,0.0415007,0.475546,0.240574,0.0428355,98.2493,84,84,0,Identifiable
fused3,2048,240,144000,139,131.734,0.190656,0.0358536,0.550446,0.213363,0.0373905,98.2493,84,84,0,Marginal
fused3,4096,10,6000,1,,,,,,,,,,,inadmissible (K < 8)
fused3,4096,20,12000,4,,,,,,,,,,,inadmissible (K < 8)
fused3,4096,30,18000,7,,,,,,,,,,,inadmissible (K < 8)
fused3,4096,60,36000,16,15.2079,0.398803,0.0757986,0.0727536,0.399625,0.0758474,101.304,167,167,0,Identifiable
fused3,4096,109,65536,31,29.4184,0.281984,0.0535953,0.102894,0.283145,0.0536643,101.304,167,167,0,Identifiable
fused3,4096,180,108000,51,48.3657,0.21842,0.041514,0.132838,0.219916,0.0416029,101.304,167,167,0,Identifiable
fused3,4096,240,144000,69,65.4183,0.187292,0.0355977,0.154915,0.189035,0.0357014,101.304,167,167,0,Identifiable
lsm6dsv16x,512,10,6000,22,20.8921,1.42354,0.249073,0.768725,1.794,0.289316,99.1555,21,21,0,Marginal
lsm6dsv16x,512,20,12000,45,42.6815,0.983419,0.172066,1.11277,1.46938,0.226436,99.1556,21,21,0,Not identifiable
lsm6dsv16x,512,30,18000,69,65.4183,0.791053,0.138408,1.38337,1.34823,0.202048,99.1556,21,21,0,Not identifiable
lsm6dsv16x,512,60,36000,139,131.734,0.555285,0.0971565,1.97073,1.22487,0.176369,99.1556,21,21,0,Not identifiable
lsm6dsv16x,512,109,65536,255,241.629,0.409295,0.0716131,2.67366,1.16597,0.163692,99.1556,21,21,0,Not identifiable
lsm6dsv16x,512,180,108000,420,397.945,0.318673,0.0557572,3.43398,1.13733,0.157402,99.1556,21,21,0,Not identifiable
lsm6dsv16x,512,240,144000,561,531.524,0.27565,0.0482296,3.96995,1.12603,0.154896,99.1556,21,21,0,Not identifiable
lsm6dsv16x,1024,10,6000,10,9.52381,1.38253,0.255516,0.266791,1.42611,0.258803,95.9795,42,42,0,Marginal
lsm6dsv16x,1024,20,12000,22,20.8921,0.905009,0.167261,0.407564,0.970267,0.172241,95.9795,42,42,0,Identifiable
lsm6dsv16x,1024,30,18000,34,32.2605,0.72193,0.133425,0.510921,0.802222,0.139617,95.9795,42,42,0,Marginal
lsm6dsv16x,1024,60,36000,69,65.4183,0.502908,0.0929459,0.733433,0.612612,0.101635,95.9795,42,42,0,Marginal
lsm6dsv16x,1024,109,65536,127,120.366,0.369448,0.0682802,0.998379,0.508792,0.0797048,95.9795,42,42,0,Marginal
lsm6dsv16x,1024,180,108000,209,198.05,0.287544,0.0531431,1.28276,0.452835,0.0671926,95.9795,42,42,0,Not identifiable
lsm6dsv16x,1024,240,144000,280,265.313,0.248275,0.0458855,1.48565,0.428973,0.0616128,95.9795,42,42,0,Not identifiable
lsm6dsv16x,2048,10,6000,4,,,,,,,,,,,inadmissible (K < 8)
lsm6dsv16x,2048,20,12000,10,9.52381,0.932815,0.176331,0.117702,0.938028,0.176657,99.3894,84,84,0,Identifiable
lsm6dsv16x,2048,30,18000,16,15.2079,0.722516,0.136578,0.151962,0.729233,0.136998,99.3894,84,84,0,Identifiable
lsm6dsv16x,2048,60,36000,34,32.2605,0.487096,0.0920761,0.225406,0.497005,0.0926986,99.3894,84,84,0,Identifiable
lsm6dsv16x,2048,109,65536,63,59.7341,0.355359,0.0671737,0.308968,0.368824,0.0680245,99.3894,84,84,0,Identifiable
lsm6dsv16x,2048,180,108000,104,98.5762,0.275702,0.0521162,0.398236,0.292854,0.0532083,99.3894,84,84,0,Identifiable
lsm6dsv16x,2048,240,144000,139,131.734,0.238187,0.0450246,0.46096,0.257846,0.0462844,99.3894,84,84,0,Identifiable
lsm6dsv16x,4096,10,6000,1,,,,,,,,,,,inadmissible (K < 8)
lsm6dsv16x,4096,20,12000,4,,,,,,,,,,,inadmissible (K < 8)
lsm6dsv16x,4096,30,18000,7,,,,,,,,,,,inadmissible (K < 8)
lsm6dsv16x,4096,60,36000,16,15.2079,0.502498,0.0956517,0.0586211,0.503162,0.0956905,101.867,167,167,0,Identifiable
lsm6dsv16x,4096,109,65536,31,29.4184,0.355304,0.067633,0.0829064,0.356243,0.0676879,101.867,167,167,0,Identifiable
lsm6dsv16x,4096,180,108000,51,48.3657,0.275212,0.0523873,0.107034,0.276424,0.0524582,101.867,167,167,0,Identifiable
lsm6dsv16x,4096,240,144000,69,65.4183,0.23599,0.0449214,0.124823,0.237403,0.0450041,101.867,167,167,0,Identifiable
g3,512,10,6000,22,20.8921,1.80007,0.323677,0.696116,2.17985,0.358928,96.4764,21,21,0,Marginal
g3,512,20,12000,45,42.6815,1.24354,0.223604,1.00766,1.74868,0.272142,96.4765,21,21,0,Not identifiable
g3,512,30,18000,69,65.4183,1.00029,0.179865,1.2527,1.58495,0.237516,96.4765,21,21,0,Not identifiable
g3,512,60,36000,139,131.734,0.70216,0.126258,1.78458,1.41581,0.200009,96.4765,21,21,0,Not identifiable
g3,512,109,65536,255,241.629,0.517555,0.0930632,2.42112,1.33392,0.180896,96.4765,21,21,0,Not identifiable
g3,512,180,108000,420,397.945,0.402964,0.0724581,3.10962,1.29378,0.17121,96.4765,21,21,0,Not identifiable
g3,512,240,144000,561,531.524,0.348561,0.0626757,3.59496,1.27788,0.167304,96.4765,21,21,0,Not identifiable
g3,1024,10,6000,10,9.52381,1.79216,0.335347,0.225064,1.83062,0.337989,97.0601,42,42,0,Marginal
g3,1024,20,12000,22,20.8921,1.17315,0.219519,0.343819,1.2311,0.223534,97.0601,42,42,0,Marginal
g3,1024,30,18000,34,32.2605,0.935826,0.175111,0.43101,1.00752,0.180119,97.0601,42,42,0,Identifiable
g3,1024,60,36000,69,65.4183,0.651911,0.121985,0.61872,0.751214,0.129071,97.0601,42,42,0,Marginal
g3,1024,109,65536,127,120.366,0.478909,0.0896133,0.842227,0.607197,0.0990423,97.0601,42,42,0,Marginal
g3,1024,180,108000,209,198.05,0.372739,0.0697467,1.08213,0.527511,0.0815074,97.0601,42,42,0,Not identifiable
g3,1024,240,144000,280,265.313,0.321835,0.0602217,1.25328,0.492861,0.0735221,97.0601,42,42,0,Not identifiable
g3,2048,10,6000,4,,,,,,,,,,,inadmissible (K < 8)
g3,2048,20,12000,10,9.52381,1.22885,0.233237,0.0928039,1.23301,0.233488,100.562,84,84,0,Marginal
g3,2048,30,18000,16,15.2079,0.951807,0.180655,0.119816,0.957176,0.180978,100.562,84,84,0,Identifiable
g3,2048,60,36000,34,32.2605,0.641677,0.121792,0.177724,0.649614,0.122271,100.562,84,84,0,Identifiable
g3,2048,109,65536,63,59.7341,0.468133,0.0888525,0.24361,0.478954,0.0895083,100.562,84,84,0,Identifiable
g3,2048,180,108000,104,98.5762,0.363197,0.0689355,0.313994,0.377043,0.0697787,100.562,84,84,0,Identifiable
g3,2048,240,144000,139,131.734,0.313776,0.0595553,0.363449,0.329704,0.0605294,100.562,84,84,0,Identifiable
g3,4096,10,6000,1,,,,,,,,,,,inadmissible (K < 8)
g3,4096,20,12000,4,,,,,,,,,,,inadmissible (K < 8)
g3,4096,30,18000,7,,,,,,,,,,,inadmissible (K < 8)
g3,4096,60,36000,16,15.2079,0.666834,0.127084,0.0447017,0.667342,0.127114,102.331,167,167,0,Identifiable
g3,4096,109,65536,31,29.4184,0.471502,0.0898583,0.0632205,0.472221,0.0898999,102.331,167,167,0,Identifiable
g3,4096,180,108000,51,48.3657,0.365217,0.0696027,0.0816189,0.366145,0.0696563,102.331,167,167,0,Identifiable
g3,4096,240,144000,69,65.4183,0.313168,0.0596833,0.0951838,0.31425,0.0597459,102.331,167,167,0,Identifiable
icm42688p,512,10,6000,22,20.8921,1.85477,0.334494,0.686479,2.23428,0.369084,96.3071,21,21,0,Marginal
icm42688p,512,20,12000,45,42.6815,1.28132,0.231077,0.993711,1.78708,0.278807,96.3071,21,21,0,Marginal
icm42688p,512,30,18000,69,65.4183,1.03068,0.185876,1.23536,1.61684,0.242666,96.3071,21,21,0,Not identifiable
icm42688p,512,60,36000,139,131.734,0.723495,0.130477,1.75988,1.44059,0.203375,96.3071,21,21,0,Not identifiable
icm42688p,512,109,65536,255,241.629,0.533281,0.0961733,2.3876,1.35508,0.183266,96.3071,21,21,0,Not identifiable
icm42688p,512,180,108000,420,397.945,0.415207,0.0748795,3.06657,1.31311,0.173043,96.3071,21,21,0,Not identifiable
icm42688p,512,240,144000,561,531.524,0.359151,0.0647703,3.5452,1.29648,0.168915,96.3071,21,21,0,Not identifiable
icm42688p,1024,10,6000,10,9.52381,1.85195,0.346957,0.219863,1.88969,0.349524,97.2294,42,42,0,Marginal
icm42688p,1024,20,12000,22,20.8921,1.21229,0.227118,0.335874,1.26919,0.231021,97.2294,42,42,0,Marginal
icm42688p,1024,30,18000,34,32.2605,0.967052,0.181174,0.421051,1.03749,0.186042,97.2294,42,42,0,Identifiable
icm42688p,1024,60,36000,69,65.4183,0.673663,0.126208,0.604423,0.771376,0.133103,97.2294,42,42,0,Marginal
icm42688p,1024,109,65536,127,120.366,0.494889,0.0927156,0.822766,0.62138,0.101902,97.2294,42,42,0,Marginal
icm42688p,1024,180,108000,209,198.05,0.385176,0.0721613,1.05712,0.538107,0.0836368,97.2294,42,42,0,Not identifiable
icm42688p,1024,240,144000,280,265.313,0.332574,0.0623065,1.22432,0.501801,0.0752991,97.2294,42,42,0,Not identifiable
icm42688p,2048,10,6000,4,,,,,,,,,,,inadmissible (K < 8)
icm42688p,2048,20,12000,10,9.52381,1.27204,0.241528,0.0899814,1.27608,0.24177,100.686,84,84,0,Marginal
icm42688p,2048,30,18000,16,15.2079,0.985263,0.187076,0.116172,0.990475,0.187389,100.686,84,84,0,Identifiable
icm42688p,2048,60,36000,34,32.2605,0.664232,0.126121,0.172319,0.671939,0.126584,100.686,84,84,0,Identifiable
icm42688p,2048,109,65536,63,59.7341,0.484587,0.0920108,0.236201,0.495099,0.0926453,100.686,84,84,0,Identifiable
icm42688p,2048,180,108000,104,98.5762,0.375963,0.0713858,0.304444,0.389418,0.0722018,100.686,84,84,0,Identifiable
icm42688p,2048,240,144000,139,131.734,0.324805,0.0616722,0.352395,0.340289,0.0626148,100.686,84,84,0,Identifiable
icm42688p,4096,10,6000,1,,,,,,,,,,,inadmissible (K < 8)
icm42688p,4096,20,12000,4,,,,,,,,,,,inadmissible (K < 8)
icm42688p,4096,30,18000,7,,,,,,,,,,,inadmissible (K < 8)
icm42688p,4096,60,36000,16,15.2079,0.690763,0.13166,0.0432017,0.691255,0.131689,102.375,167,167,0,Identifiable
icm42688p,4096,109,65536,31,29.4184,0.488422,0.0930937,0.0610991,0.489117,0.0931338,102.375,167,167,0,Identifiable
icm42688p,4096,180,108000,51,48.3657,0.378323,0.0721087,0.0788801,0.37922,0.0721605,102.375,167,167,0,Identifiable
icm42688p,4096,240,144000,69,65.4183,0.324407,0.0618322,0.0919899,0.325453,0.0618927,102.375,167,167,0,Identifiable
lsm6ds3trc,512,10,6000,22,20.8921,4.84829,0.918256,0.365949,5.1033,0.934406,99.3765,21,21,0,Marginal
lsm6ds3trc,512,20,12000,45,42.6815,3.34932,0.634355,0.529728,3.70888,0.657516,99.3766,21,21,0,Marginal
lsm6ds3trc,512,30,18000,69,65.4183,2.69416,0.510269,0.658546,3.12991,0.538791,99.3766,21,21,0,Marginal
lsm6ds3trc,512,60,36000,139,131.734,1.89119,0.358187,0.938157,2.47273,0.397767,99.3766,21,21,0,Marginal
lsm6ds3trc,512,109,65536,255,241.629,1.39397,0.264016,1.27278,2.11683,0.315635,99.3766,21,21,0,Not identifiable
lsm6ds3trc,512,180,108000,420,397.945,1.08533,0.20556,1.63473,1.92763,0.268656,99.3766,21,21,0,Not identifiable
lsm6ds3trc,512,240,144000,561,531.524,0.938807,0.177808,1.88988,1.8491,0.248066,99.3766,21,21,0,Not identifiable
lsm6ds3trc,1024,10,6000,10,9.52381,5.13648,0.979744,0.0924329,5.15336,0.980734,101.588,42,42,0,Not identifiable
lsm6ds3trc,1024,20,12000,22,20.8921,3.36235,0.641342,0.141205,3.38808,0.642854,101.588,42,42,0,Marginal
lsm6ds3trc,1024,30,18000,34,32.2605,2.68216,0.511602,0.177014,2.71435,0.513496,101.588,42,42,0,Marginal
lsm6ds3trc,1024,60,36000,69,65.4183,1.86843,0.35639,0.254106,1.91435,0.359103,101.588,42,42,0,Marginal
lsm6ds3trc,1024,109,65536,127,120.366,1.3726,0.261812,0.3459,1.43448,0.265495,101.588,42,42,0,Marginal
lsm6ds3trc,1024,180,108000,209,198.05,1.0683,0.203771,0.444425,1.14672,0.208481,101.588,42,42,0,Marginal
lsm6ds3trc,1024,240,144000,280,265.313,0.922409,0.175942,0.514718,1.01219,0.181377,101.588,42,42,0,Marginal
lsm6ds3trc,2048,10,6000,4,,,,,,,,,,,inadmissible (K < 8)
lsm6ds3trc,2048,20,12000,10,9.52381,3.62669,0.693062,0.033408,3.62822,0.693149,102.81,84,84,0,Marginal
lsm6ds3trc,2048,30,18000,16,15.2079,2.80906,0.536813,0.0431319,2.81104,0.536927,102.81,84,84,0,Marginal
lsm6ds3trc,2048,60,36000,34,32.2605,1.89378,0.361902,0.0639781,1.89671,0.36207,102.81,84,84,0,Marginal
lsm6ds3trc,2048,109,65536,63,59.7341,1.3816,0.264024,0.0876958,1.38561,0.264254,102.81,84,84,0,Marginal
lsm6ds3trc,2048,180,108000,104,98.5762,1.0719,0.204841,0.113033,1.07707,0.205137,102.81,84,84,0,Marginal
lsm6ds3trc,2048,240,144000,139,131.734,0.926046,0.176968,0.130836,0.932022,0.177311,102.81,84,84,0,Identifiable
lsm6ds3trc,4096,10,6000,1,,,,,,,,,,,inadmissible (K < 8)
lsm6ds3trc,4096,20,12000,4,,,,,,,,,,,inadmissible (K < 8)
lsm6ds3trc,4096,30,18000,7,,,,,,,,,,,inadmissible (K < 8)
lsm6ds3trc,4096,60,36000,16,15.2079,1.98801,0.380092,0.0153619,1.98819,0.380102,103.273,167,167,0,Marginal
lsm6ds3trc,4096,109,65536,31,29.4184,1.40568,0.268754,0.021726,1.40593,0.268768,103.273,167,167,0,Marginal
lsm6ds3trc,4096,180,108000,51,48.3657,1.08881,0.208172,0.0280486,1.08913,0.20819,103.273,167,167,0,Marginal
lsm6ds3trc,4096,240,144000,69,65.4183,0.933642,0.178505,0.0327103,0.934018,0.178526,103.273,167,167,0,Identifiable
