sea,class_L1024,sigma_lnbeta_L1024,dW_L1024,class_L2048,sigma_lnbeta_L2048,dW_L2048,class_L4096,sigma_lnbeta_L4096,dW_L4096,L2048_adequate,best_L_rmse
wp3.5_gJ1,Marginal,0.00502277,0.913834,Identifiable,0.00492617,0.262788,Identifiable,0.00497075,0.0680844,1,4096
wp4.25_gJ1,Marginal,0.00388344,0.902149,Identifiable,0.00377017,0.261413,Identifiable,0.00379123,0.0679065,1,4096
wp5_gJ1,Marginal,0.00303819,0.841291,Identifiable,0.00291755,0.243672,Identifiable,0.00292272,0.0633907,1,4096
wp6_gJ1,Marginal,0.00236398,0.661299,Identifiable,0.00224988,0.184035,Identifiable,0.0022475,0.0474513,1,4096
wp7.5_gJ1,Identifiable,0.001854,0.297059,Identifiable,0.00176458,0.0652006,Identifiable,0.0017651,0.0158462,1,4096
wp3.5_gJ3.3,Marginal,0.00630046,0.83389,Identifiable,0.00623619,0.237745,Identifiable,0.00631123,0.0618246,1,4096
wp4.25_gJ3.3,Marginal,0.00478143,0.909976,Identifiable,0.00468613,0.27213,Identifiable,0.00472539,0.0720785,1,4096
wp5_gJ3.3,Marginal,0.00369448,0.998379,Identifiable,0.00355359,0.308968,Identifiable,0.00355304,0.0829064,1,4096
wp6_gJ3.3,Marginal,0.00270067,0.851134,Identifiable,0.00251431,0.247687,Identifiable,0.00248049,0.0647719,1,4096
wp7.5_gJ3.3,Identifiable,0.00174342,0.265248,Identifiable,0.00164791,0.0486983,Identifiable,0.00164428,0.0106716,1,4096
wp3.5_gJ7,Marginal,0.00770048,0.768421,Identifiable,0.00766323,0.220936,Identifiable,0.0077661,0.0582673,1,4096
wp4.25_gJ7,Marginal,0.00574956,0.912396,Identifiable,0.00566373,0.282904,Identifiable,0.0057147,0.0768115,1,4096
wp5_gJ7,Not identifiable,0.00436831,1.11409,Identifiable,0.00418573,0.35902,Identifiable,0.00416254,0.0984695,1,4096
wp6_gJ7,Marginal,0.00298324,0.965911,Identifiable,0.00272118,0.286553,Identifiable,0.00265124,0.0754574,1,4096
wp7.5_gJ7,Identifiable,0.00171333,0.267755,Identifiable,0.00160882,0.047846,Identifiable,0.00160056,0.0101509,1,4096
bimodal_wp3.5_6.5,Marginal,0.00279474,0.650941,Identifiable,0.00264409,0.169804,Identifiable,0.00263446,0.0425653,1,4096
