noise_case,n_s,n_admissible,n_singular,sigma_lnbeta_min_pct,p5_pct,p25_pct,median_pct,p75_pct,p95_pct,max_pct,n_within_5pct_of_Aopt,n_within_10pct_of_Aopt,median_worst_over_best_reference_A
lsm6dsv16x,2,528,0,0.0626591,0.0715866,0.100781,0.161156,0.304392,0.692772,5.19179e+10,3,4,1.00002
lsm6dsv16x,3,5456,0,0.0526579,0.0595854,0.0671517,0.081613,0.1196,0.260376,0.884275,21,36,1.00004
lsm6dsv16x,4,40920,0,0.0423323,0.0520264,0.0584274,0.0644746,0.0796125,0.133645,0.649605,8,44,1.00005
icm42688p,2,528,0,0.0791084,0.0932315,0.13155,0.196455,0.38013,0.946422,7.15657e+10,1,3,1.00002
icm42688p,3,5456,0,0.0669307,0.0769775,0.086264,0.103795,0.153911,0.332827,1.21802,2,6,1.00005
icm42688p,4,40920,0,0.0563952,0.067815,0.0748685,0.0820933,0.101269,0.171454,0.874793,6,32,1.00005
g3,2,528,0,0.076982,0.0900635,0.128815,0.192218,0.368264,0.914149,6.90738e+10,1,3,1.00002
g3,3,5456,0,0.0652816,0.0750292,0.0837583,0.100785,0.149123,0.321523,1.17568,2,6,1.00005
g3,4,40920,0,0.0546416,0.0658982,0.0728415,0.0798819,0.0983559,0.166395,0.845989,6,32,1.00005
