noise_case,n_s,criterion,layout,reference,sigma_lnbeta_pct,sigma_lnR_pct,d_W,kappa_F,A_trace_Finv,class
lsm6dsv16x,2,"A, primary",s6 s18,s18,0.463031,0.110122,0.216422,43.2279,2.26525e-05,Identifiable
lsm6dsv16x,2,"A, spacing 0.05 m",s6 s18,s18,0.463031,0.110122,0.216422,43.2279,2.26525e-05,Identifiable
lsm6dsv16x,2,"A, spacing 0.15 m",s6 s18,s18,0.463031,0.110122,0.216422,43.2279,2.26525e-05,Identifiable
lsm6dsv16x,2,"A, unconstrained",s6 s18,s18,0.463031,0.110122,0.216422,43.2279,2.26525e-05,Identifiable
lsm6dsv16x,2,"D, primary",s6 s26,s26,0.512134,0.107151,0.239333,128.577,2.73762e-05,Identifiable
lsm6dsv16x,2,"E, primary",s6 s18,s18,0.463031,0.110122,0.216422,43.2279,2.26525e-05,Identifiable
lsm6dsv16x,3,"A, primary",s6 s14 s18,s18,0.372323,0.0855971,0.282903,31.9043,1.45951e-05,Identifiable
lsm6dsv16x,3,"A, spacing 0.05 m",s6 s14 s18,s18,0.372323,0.0855971,0.282903,31.9043,1.45951e-05,Identifiable
lsm6dsv16x,3,"A, spacing 0.15 m",s14 s15 s18,s18,0.377052,0.0977355,0.300707,21.3087,1.5172e-05,Identifiable
lsm6dsv16x,3,"A, unconstrained",s6 s14 s18,s18,0.372323,0.0855971,0.282903,31.9043,1.45951e-05,Identifiable
lsm6dsv16x,3,"D, primary",s6 s26 s30,s26,0.444095,0.0819633,0.344895,324.433,2.03939e-05,Identifiable
lsm6dsv16x,3,"E, primary",s6 s14 s18,s18,0.372323,0.0855971,0.282903,31.9043,1.45951e-05,Identifiable
lsm6dsv16x,4,"A, primary",s6 s14 s18 s26,s26,0.334422,0.0703631,0.343377,65.7868,1.16789e-05,Identifiable
lsm6dsv16x,4,"A, spacing 0.05 m",s6 s14 s18 s26,s26,0.334422,0.0703631,0.343377,65.7868,1.16789e-05,Identifiable
lsm6dsv16x,4,"A, spacing 0.15 m",s10 s14 s15 s26,s26,0.343859,0.0684006,0.342104,69.5582,1.22918e-05,Identifiable
lsm6dsv16x,4,"A, unconstrained",s6 s14 s18 s26,s26,0.334422,0.0703631,0.343377,65.7868,1.16789e-05,Identifiable
lsm6dsv16x,4,"D, primary",s6 s7 s26 s30,s26,0.374755,0.0663926,0.330095,291.94,1.44849e-05,Identifiable
lsm6dsv16x,4,"E, primary",s6 s14 s18 s25,s18,0.335437,0.079126,0.302247,27.2858,1.18779e-05,Identifiable
icm42688p,2,"A, primary",s6 s18,s18,0.634719,0.150975,0.159929,43.5416,4.25662e-05,Identifiable
icm42688p,2,"A, spacing 0.05 m",s6 s18,s18,0.634719,0.150975,0.159929,43.5416,4.25662e-05,Identifiable
icm42688p,2,"A, spacing 0.15 m",s6 s18,s18,0.634719,0.150975,0.159929,43.5416,4.25662e-05,Identifiable
icm42688p,2,"A, unconstrained",s6 s18,s18,0.634719,0.150975,0.159929,43.5416,4.25662e-05,Identifiable
icm42688p,2,"D, primary",s6 s26,s26,0.701125,0.146324,0.178798,131.812,5.12987e-05,Identifiable
icm42688p,2,"E, primary",s14 s18,s18,0.642346,0.176099,0.216141,14.5723,4.43619e-05,Identifiable
icm42688p,3,"A, primary",s6 s14 s18,s18,0.507919,0.11728,0.212098,31.8327,2.71737e-05,Identifiable
icm42688p,3,"A, spacing 0.05 m",s6 s14 s18,s18,0.507919,0.11728,0.212098,31.8327,2.71737e-05,Identifiable
icm42688p,3,"A, spacing 0.15 m",s14 s15 s18,s18,0.513817,0.133564,0.225602,21.4034,2.81847e-05,Identifiable
icm42688p,3,"A, unconstrained",s6 s14 s18,s18,0.507919,0.11728,0.212098,31.8327,2.71737e-05,Identifiable
icm42688p,3,"D, primary",s6 s26 s30,s26,0.606555,0.11248,0.269506,328.517,3.80561e-05,Identifiable
icm42688p,3,"E, primary",s6 s14 s18,s18,0.507919,0.11728,0.212098,31.8327,2.71737e-05,Identifiable
icm42688p,4,"A, primary",s6 s14 s18 s26,s26,0.454662,0.0959326,0.263883,67.3313,2.15921e-05,Identifiable
icm42688p,4,"A, spacing 0.05 m",s6 s14 s18 s26,s26,0.454662,0.0959326,0.263883,67.3313,2.15921e-05,Identifiable
icm42688p,4,"A, spacing 0.15 m",s10 s14 s15 s26,s26,0.46763,0.0935154,0.262049,70.4775,2.27423e-05,Identifiable
icm42688p,4,"A, unconstrained",s6 s14 s18 s26,s26,0.454662,0.0959326,0.263883,67.3313,2.15921e-05,Identifiable
icm42688p,4,"D, primary",s6 s7 s26 s30,s26,0.511303,0.0910997,0.25869,292.041,2.6973e-05,Identifiable
icm42688p,4,"E, primary",s6 s14 s18 s25,s18,0.456856,0.108325,0.227686,27.1754,2.20452e-05,Identifiable
g3,2,"A, primary",s6 s18,s18,0.612863,0.14577,0.165443,43.5176,3.9685e-05,Identifiable
g3,2,"A, spacing 0.05 m",s6 s18,s18,0.612863,0.14577,0.165443,43.5176,3.9685e-05,Identifiable
g3,2,"A, spacing 0.15 m",s6 s18,s18,0.612863,0.14577,0.165443,43.5176,3.9685e-05,Identifiable
g3,2,"A, unconstrained",s6 s18,s18,0.612863,0.14577,0.165443,43.5176,3.9685e-05,Identifiable
g3,2,"D, primary",s6 s26,s26,0.677075,0.141335,0.184788,131.528,4.78406e-05,Identifiable
g3,2,"E, primary",s14 s18,s18,0.620658,0.170116,0.223394,14.5662,4.14156e-05,Identifiable
g3,3,"A, primary",s6 s14 s18,s18,0.490643,0.113244,0.219133,31.8409,2.53555e-05,Identifiable
g3,3,"A, spacing 0.05 m",s6 s14 s18,s18,0.490643,0.113244,0.219133,31.8409,2.53555e-05,Identifiable
g3,3,"A, spacing 0.15 m",s14 s15 s18,s18,0.496386,0.128998,0.23307,21.3962,2.6304e-05,Identifiable
g3,3,"A, unconstrained",s6 s14 s18,s18,0.490643,0.113244,0.219133,31.8409,2.53555e-05,Identifiable
g3,3,"D, primary",s6 s26 s30,s26,0.585883,0.108601,0.277387,328.123,3.55053e-05,Identifiable
g3,3,"E, primary",s6 s14 s18,s18,0.490643,0.113244,0.219133,31.8409,2.53555e-05,Identifiable
g3,4,"A, primary",s6 s14 s18 s26,s26,0.439342,0.0926788,0.272027,67.1839,2.01611e-05,Identifiable
g3,4,"A, spacing 0.05 m",s6 s14 s18 s26,s26,0.439342,0.0926788,0.272027,67.1839,2.01611e-05,Identifiable
g3,4,"A, spacing 0.15 m",s10 s14 s15 s26,s26,0.451859,0.0903212,0.270217,70.3871,2.12335e-05,Identifiable
g3,4,"A, unconstrained",s6 s14 s18 s26,s26,0.439342,0.0926788,0.272027,67.1839,2.01611e-05,Identifiable
g3,4,"D, primary",s6 s7 s26 s30,s26,0.493929,0.087959,0.266182,292.015,2.51703e-05,Identifiable
g3,4,"E, primary",s6 s14 s18 s25,s18,0.441376,0.104605,0.235136,27.1855,2.05755e-05,Identifiable
